Record Length,2.500000e+03,,   0.045500000000,  -0.00400,
Sample Interval,2.000000e-06,,   0.045502000000,   0.01600,
Trigger Point,-2.275000000000e+04,,   0.045504000000,   0.01400,
,,,   0.045506000000,   0.00000,
,,,   0.045508000000,   0.00400,
,,,   0.045510000000,  -0.01200,
Source,CH1,,   0.045512000000,   0.02000,
Vertical Units,V,,   0.045514000000,   0.02000,
Vertical Scale,5.000000e-02,,   0.045516000000,  -0.00400,
Vertical Offset,0.000000e+00,,   0.045518000000,  -0.03600,
Horizontal Units,s,,   0.045520000000,   0.01000,
Horizontal Scale,5.000000e-04,,   0.045522000000,   0.03800,
Pt Fmt,Y,,   0.045524000000,   0.01000,
Yzero,0.000000e+00,,   0.045526000000,   0.02200,
Probe Atten,1.000000e+01,,   0.045528000000,   0.02400,
Model Number,TBS1052B-EDU,,   0.045530000000,   0.00400,
Serial Number,C050624,,   0.045532000000,   0.01400,
Firmware Version,FV:v4.06,,   0.045534000000,   0.00800,
,,,0.045536000000,  -0.01000,
,,,0.045538000000,   0.01400,
,,,0.045540000000,   0.00800,
,,,0.045542000000,  -0.00800,
,,,0.045544000000,   0.02200,
,,,0.045546000000,   0.00000,
,,,0.045548000000,   0.00800,
,,,0.045550000000,   0.01600,
,,,0.045552000000,   0.00200,
,,,0.045554000000,   0.01000,
,,,0.045556000000,   0.01400,
,,,0.045558000000,   0.04400,
,,,0.045560000000,   0.01800,
,,,0.045562000000,   0.01600,
,,,0.045564000000,   0.02400,
,,,0.045566000000,  -0.01000,
,,,0.045568000000,  -0.01400,
,,,0.045570000000,   0.01200,
,,,0.045572000000,   0.00200,
,,,0.045574000000,  -0.01400,
,,,0.045576000000,   0.00000,
,,,0.045578000000,   0.01400,
,,,0.045580000000,   0.00600,
,,,0.045582000000,   0.00800,
,,,0.045584000000,   0.02800,
,,,0.045586000000,   0.03000,
,,,0.045588000000,   0.02000,
,,,0.045590000000,  -0.00600,
,,,0.045592000000,   0.01600,
,,,0.045594000000,   0.00800,
,,,0.045596000000,   0.00600,
,,,0.045598000000,  -0.00600,
,,,0.045600000000,   0.00000,
,,,0.045602000000,   0.01600,
,,,0.045604000000,  -0.00600,
,,,0.045606000000,   0.00800,
,,,0.045608000000,   0.02200,
,,,0.045610000000,  -0.00200,
,,,0.045612000000,   0.00200,
,,,0.045614000000,   0.03800,
,,,0.045616000000,   0.03200,
,,,0.045618000000,   0.03600,
,,,0.045620000000,   0.01400,
,,,0.045622000000,   0.00600,
,,,0.045624000000,   0.02200,
,,,0.045626000000,   0.01600,
,,,0.045628000000,   0.01400,
,,,0.045630000000,   0.00800,
,,,0.045632000000,   0.00200,
,,,0.045634000000,   0.00400,
,,,0.045636000000,   0.01200,
,,,0.045638000000,   0.00200,
,,,0.045640000000,   0.03400,
,,,0.045642000000,   0.01800,
,,,0.045644000000,   0.02000,
,,,0.045646000000,   0.00400,
,,,0.045648000000,   0.01200,
,,,0.045650000000,   0.01800,
,,,0.045652000000,   0.01000,
,,,0.045654000000,   0.02800,
,,,0.045656000000,   0.01400,
,,,0.045658000000,   0.01200,
,,,0.045660000000,   0.03200,
,,,0.045662000000,   0.02000,
,,,0.045664000000,   0.03000,
,,,0.045666000000,   0.02800,
,,,0.045668000000,   0.01600,
,,,0.045670000000,   0.00400,
,,,0.045672000000,  -0.00400,
,,,0.045674000000,  -0.00400,
,,,0.045676000000,   0.00400,
,,,0.045678000000,   0.00600,
,,,0.045680000000,   0.01200,
,,,0.045682000000,   0.01000,
,,,0.045684000000,   0.01000,
,,,0.045686000000,   0.05000,
,,,0.045688000000,   0.03000,
,,,0.045690000000,   0.00800,
,,,0.045692000000,   0.00000,
,,,0.045694000000,   0.00800,
,,,0.045696000000,  -0.00800,
,,,0.045698000000,  -0.00200,
,,,0.045700000000,  -0.00200,
,,,0.045702000000,   0.00200,
,,,0.045704000000,   0.02000,
,,,0.045706000000,   0.00400,
,,,0.045708000000,   0.01000,
,,,0.045710000000,   0.01200,
,,,0.045712000000,   0.01800,
,,,0.045714000000,   0.02200,
,,,0.045716000000,   0.01200,
,,,0.045718000000,   0.00400,
,,,0.045720000000,   0.00200,
,,,0.045722000000,  -0.00200,
,,,0.045724000000,  -0.00200,
,,,0.045726000000,   0.01000,
,,,0.045728000000,   0.01600,
,,,0.045730000000,   0.00000,
,,,0.045732000000,   0.00200,
,,,0.045734000000,   0.03000,
,,,0.045736000000,   0.02000,
,,,0.045738000000,   0.00800,
,,,0.045740000000,   0.01400,
,,,0.045742000000,   0.01000,
,,,0.045744000000,   0.01800,
,,,0.045746000000,   0.01400,
,,,0.045748000000,  -0.01400,
,,,0.045750000000,   0.00200,
,,,0.045752000000,   0.01400,
,,,0.045754000000,   0.01200,
,,,0.045756000000,  -0.01000,
,,,0.045758000000,   0.01000,
,,,0.045760000000,   0.02200,
,,,0.045762000000,  -0.01600,
,,,0.045764000000,   0.03400,
,,,0.045766000000,   0.00600,
,,,0.045768000000,  -0.01400,
,,,0.045770000000,   0.02800,
,,,0.045772000000,   0.04600,
,,,0.045774000000,   0.04200,
,,,0.045776000000,  -0.00400,
,,,0.045778000000,  -0.00800,
,,,0.045780000000,   0.01800,
,,,0.045782000000,   0.02200,
,,,0.045784000000,   0.02000,
,,,0.045786000000,   0.02000,
,,,0.045788000000,   0.02000,
,,,0.045790000000,   0.00600,
,,,0.045792000000,   0.02200,
,,,0.045794000000,   0.03600,
,,,0.045796000000,   0.01000,
,,,0.045798000000,   0.01800,
,,,0.045800000000,   0.02000,
,,,0.045802000000,   0.01800,
,,,0.045804000000,  -0.00400,
,,,0.045806000000,   0.00800,
,,,0.045808000000,   0.01000,
,,,0.045810000000,  -0.01000,
,,,0.045812000000,   0.01000,
,,,0.045814000000,   0.00200,
,,,0.045816000000,   0.01600,
,,,0.045818000000,   0.04400,
,,,0.045820000000,   0.02600,
,,,0.045822000000,  -0.01000,
,,,0.045824000000,   0.01000,
,,,0.045826000000,   0.00800,
,,,0.045828000000,   0.02600,
,,,0.045830000000,   0.05200,
,,,0.045832000000,   0.03400,
,,,0.045834000000,   0.01000,
,,,0.045836000000,   0.00000,
,,,0.045838000000,   0.01800,
,,,0.045840000000,   0.01400,
,,,0.045842000000,   0.01200,
,,,0.045844000000,   0.00600,
,,,0.045846000000,   0.02400,
,,,0.045848000000,   0.00800,
,,,0.045850000000,   0.02800,
,,,0.045852000000,   0.01400,
,,,0.045854000000,  -0.00600,
,,,0.045856000000,   0.02400,
,,,0.045858000000,   0.00600,
,,,0.045860000000,   0.00000,
,,,0.045862000000,   0.01400,
,,,0.045864000000,  -0.00200,
,,,0.045866000000,   0.00800,
,,,0.045868000000,   0.01800,
,,,0.045870000000,   0.02000,
,,,0.045872000000,   0.02400,
,,,0.045874000000,   0.02000,
,,,0.045876000000,  -0.00600,
,,,0.045878000000,  -0.00400,
,,,0.045880000000,   0.03400,
,,,0.045882000000,   0.02200,
,,,0.045884000000,   0.02000,
,,,0.045886000000,   0.04600,
,,,0.045888000000,   0.03000,
,,,0.045890000000,   0.01200,
,,,0.045892000000,   0.01200,
,,,0.045894000000,   0.04200,
,,,0.045896000000,   0.04200,
,,,0.045898000000,   0.00400,
,,,0.045900000000,   0.02000,
,,,0.045902000000,   0.01400,
,,,0.045904000000,  -0.01600,
,,,0.045906000000,   0.00800,
,,,0.045908000000,   0.00400,
,,,0.045910000000,   0.00600,
,,,0.045912000000,   0.02400,
,,,0.045914000000,   0.00000,
,,,0.045916000000,  -0.01800,
,,,0.045918000000,  -0.01600,
,,,0.045920000000,   0.01600,
,,,0.045922000000,  -0.02200,
,,,0.045924000000,  -0.01000,
,,,0.045926000000,   0.00000,
,,,0.045928000000,   0.01200,
,,,0.045930000000,   0.02800,
,,,0.045932000000,   0.01000,
,,,0.045934000000,  -0.00400,
,,,0.045936000000,   0.02800,
,,,0.045938000000,   0.01600,
,,,0.045940000000,  -0.01400,
,,,0.045942000000,  -0.01600,
,,,0.045944000000,   0.00800,
,,,0.045946000000,   0.00400,
,,,0.045948000000,   0.00400,
,,,0.045950000000,   0.00000,
,,,0.045952000000,   0.00800,
,,,0.045954000000,   0.00400,
,,,0.045956000000,   0.02400,
,,,0.045958000000,   0.01400,
,,,0.045960000000,   0.01200,
,,,0.045962000000,   0.00200,
,,,0.045964000000,   0.00000,
,,,0.045966000000,  -0.01400,
,,,0.045968000000,  -0.00200,
,,,0.045970000000,  -0.01000,
,,,0.045972000000,   0.00800,
,,,0.045974000000,   0.01400,
,,,0.045976000000,   0.04400,
,,,0.045978000000,   0.04200,
,,,0.045980000000,  -0.00800,
,,,0.045982000000,  -0.01200,
,,,0.045984000000,   0.02800,
,,,0.045986000000,   0.03400,
,,,0.045988000000,   0.01400,
,,,0.045990000000,   0.00200,
,,,0.045992000000,   0.02400,
,,,0.045994000000,   0.02400,
,,,0.045996000000,   0.00000,
,,,0.045998000000,   0.01800,
,,,0.046000000000,   0.02400,
,,,0.046002000000,   0.01400,
,,,0.046004000000,   0.00400,
,,,0.046006000000,   0.00200,
,,,0.046008000000,   0.00800,
,,,0.046010000000,   0.04400,
,,,0.046012000000,   0.01600,
,,,0.046014000000,   0.00600,
,,,0.046016000000,   0.02600,
,,,0.046018000000,   0.03400,
,,,0.046020000000,   0.00400,
,,,0.046022000000,  -0.00600,
,,,0.046024000000,   0.00400,
,,,0.046026000000,   0.00600,
,,,0.046028000000,   0.01800,
,,,0.046030000000,   0.03400,
,,,0.046032000000,   0.04400,
,,,0.046034000000,   0.03000,
,,,0.046036000000,   0.00800,
,,,0.046038000000,   0.00800,
,,,0.046040000000,   0.03000,
,,,0.046042000000,   0.00600,
,,,0.046044000000,   0.02200,
,,,0.046046000000,   0.03400,
,,,0.046048000000,   0.03200,
,,,0.046050000000,   0.01400,
,,,0.046052000000,  -0.00400,
,,,0.046054000000,   0.01200,
,,,0.046056000000,   0.00800,
,,,0.046058000000,   0.01600,
,,,0.046060000000,   0.03200,
,,,0.046062000000,   0.03000,
,,,0.046064000000,   0.01600,
,,,0.046066000000,   0.02000,
,,,0.046068000000,  -0.00200,
,,,0.046070000000,   0.00400,
,,,0.046072000000,   0.03200,
,,,0.046074000000,  -0.03000,
,,,0.046076000000,   0.00400,
,,,0.046078000000,   0.03000,
,,,0.046080000000,   0.01600,
,,,0.046082000000,   0.03800,
,,,0.046084000000,   0.03600,
,,,0.046086000000,   0.01600,
,,,0.046088000000,   0.02400,
,,,0.046090000000,  -0.00800,
,,,0.046092000000,  -0.00400,
,,,0.046094000000,   0.00800,
,,,0.046096000000,  -0.00600,
,,,0.046098000000,  -0.00200,
,,,0.046100000000,   0.02000,
,,,0.046102000000,   0.03600,
,,,0.046104000000,   0.01000,
,,,0.046106000000,   0.00000,
,,,0.046108000000,  -0.02000,
,,,0.046110000000,   0.02600,
,,,0.046112000000,   0.02400,
,,,0.046114000000,  -0.00400,
,,,0.046116000000,  -0.00200,
,,,0.046118000000,  -0.01600,
,,,0.046120000000,   0.00200,
,,,0.046122000000,  -0.01600,
,,,0.046124000000,  -0.00600,
,,,0.046126000000,  -0.01200,
,,,0.046128000000,   0.02400,
,,,0.046130000000,   0.03000,
,,,0.046132000000,   0.01800,
,,,0.046134000000,  -0.02600,
,,,0.046136000000,  -0.00800,
,,,0.046138000000,   0.00200,
,,,0.046140000000,   0.01200,
,,,0.046142000000,  -0.00800,
,,,0.046144000000,  -0.01800,
,,,0.046146000000,   0.00400,
,,,0.046148000000,  -0.00200,
,,,0.046150000000,   0.01400,
,,,0.046152000000,  -0.01200,
,,,0.046154000000,   0.02400,
,,,0.046156000000,   0.00800,
,,,0.046158000000,   0.02200,
,,,0.046160000000,   0.04000,
,,,0.046162000000,   0.02000,
,,,0.046164000000,   0.00000,
,,,0.046166000000,  -0.00800,
,,,0.046168000000,   0.01200,
,,,0.046170000000,   0.00200,
,,,0.046172000000,   0.02400,
,,,0.046174000000,   0.03800,
,,,0.046176000000,   0.00600,
,,,0.046178000000,  -0.01400,
,,,0.046180000000,   0.01600,
,,,0.046182000000,   0.02800,
,,,0.046184000000,   0.01200,
,,,0.046186000000,   0.00400,
,,,0.046188000000,  -0.00400,
,,,0.046190000000,   0.00600,
,,,0.046192000000,   0.02200,
,,,0.046194000000,   0.01200,
,,,0.046196000000,   0.00000,
,,,0.046198000000,   0.02600,
,,,0.046200000000,   0.00400,
,,,0.046202000000,   0.00200,
,,,0.046204000000,   0.01800,
,,,0.046206000000,   0.00800,
,,,0.046208000000,  -0.00200,
,,,0.046210000000,  -0.01000,
,,,0.046212000000,  -0.01400,
,,,0.046214000000,   0.00400,
,,,0.046216000000,   0.01800,
,,,0.046218000000,   0.00200,
,,,0.046220000000,   0.03600,
,,,0.046222000000,   0.02200,
,,,0.046224000000,   0.01000,
,,,0.046226000000,  -0.01400,
,,,0.046228000000,   0.01000,
,,,0.046230000000,  -0.00400,
,,,0.046232000000,  -0.01200,
,,,0.046234000000,   0.02000,
,,,0.046236000000,   0.00200,
,,,0.046238000000,   0.00400,
,,,0.046240000000,  -0.00200,
,,,0.046242000000,   0.00200,
,,,0.046244000000,   0.01000,
,,,0.046246000000,   0.00000,
,,,0.046248000000,  -0.00200,
,,,0.046250000000,  -0.01200,
,,,0.046252000000,   0.04000,
,,,0.046254000000,   0.02000,
,,,0.046256000000,  -0.01200,
,,,0.046258000000,  -0.00800,
,,,0.046260000000,   0.00000,
,,,0.046262000000,   0.00200,
,,,0.046264000000,   0.01600,
,,,0.046266000000,   0.01800,
,,,0.046268000000,   0.03800,
,,,0.046270000000,   0.03000,
,,,0.046272000000,   0.01800,
,,,0.046274000000,  -0.00800,
,,,0.046276000000,   0.01800,
,,,0.046278000000,   0.05400,
,,,0.046280000000,   0.01400,
,,,0.046282000000,   0.02400,
,,,0.046284000000,   0.04200,
,,,0.046286000000,   0.02600,
,,,0.046288000000,   0.03400,
,,,0.046290000000,   0.02000,
,,,0.046292000000,   0.01600,
,,,0.046294000000,   0.02600,
,,,0.046296000000,   0.00400,
,,,0.046298000000,   0.01200,
,,,0.046300000000,  -0.01800,
,,,0.046302000000,  -0.01200,
,,,0.046304000000,   0.01800,
,,,0.046306000000,   0.01800,
,,,0.046308000000,   0.02600,
,,,0.046310000000,   0.02600,
,,,0.046312000000,   0.05000,
,,,0.046314000000,   0.03600,
,,,0.046316000000,   0.00600,
,,,0.046318000000,   0.01000,
,,,0.046320000000,   0.04400,
,,,0.046322000000,   0.02600,
,,,0.046324000000,  -0.00600,
,,,0.046326000000,   0.00000,
,,,0.046328000000,   0.00000,
,,,0.046330000000,   0.02800,
,,,0.046332000000,   0.02600,
,,,0.046334000000,   0.01600,
,,,0.046336000000,   0.01200,
,,,0.046338000000,   0.01600,
,,,0.046340000000,   0.02200,
,,,0.046342000000,   0.01600,
,,,0.046344000000,   0.00600,
,,,0.046346000000,   0.00000,
,,,0.046348000000,   0.00600,
,,,0.046350000000,  -0.00600,
,,,0.046352000000,   0.01200,
,,,0.046354000000,   0.01600,
,,,0.046356000000,   0.00600,
,,,0.046358000000,   0.00400,
,,,0.046360000000,   0.02800,
,,,0.046362000000,   0.02000,
,,,0.046364000000,  -0.00800,
,,,0.046366000000,   0.02000,
,,,0.046368000000,   0.05200,
,,,0.046370000000,   0.02400,
,,,0.046372000000,   0.02200,
,,,0.046374000000,   0.03400,
,,,0.046376000000,   0.02600,
,,,0.046378000000,   0.02400,
,,,0.046380000000,   0.02000,
,,,0.046382000000,  -0.00200,
,,,0.046384000000,   0.01400,
,,,0.046386000000,   0.03200,
,,,0.046388000000,   0.00600,
,,,0.046390000000,   0.00600,
,,,0.046392000000,   0.03600,
,,,0.046394000000,   0.04000,
,,,0.046396000000,   0.00600,
,,,0.046398000000,   0.02000,
,,,0.046400000000,   0.02400,
,,,0.046402000000,   0.02000,
,,,0.046404000000,   0.01600,
,,,0.046406000000,   0.02000,
,,,0.046408000000,   0.03000,
,,,0.046410000000,   0.02400,
,,,0.046412000000,   0.00600,
,,,0.046414000000,   0.03400,
,,,0.046416000000,  -0.00400,
,,,0.046418000000,   0.01200,
,,,0.046420000000,   0.02800,
,,,0.046422000000,   0.02000,
,,,0.046424000000,   0.02800,
,,,0.046426000000,   0.02400,
,,,0.046428000000,   0.01600,
,,,0.046430000000,   0.00000,
,,,0.046432000000,   0.00800,
,,,0.046434000000,   0.02600,
,,,0.046436000000,   0.01200,
,,,0.046438000000,  -0.00400,
,,,0.046440000000,   0.03200,
,,,0.046442000000,   0.01400,
,,,0.046444000000,   0.01000,
,,,0.046446000000,   0.00200,
,,,0.046448000000,   0.00000,
,,,0.046450000000,  -0.00600,
,,,0.046452000000,  -0.00200,
,,,0.046454000000,  -0.01400,
,,,0.046456000000,  -0.01400,
,,,0.046458000000,   0.01200,
,,,0.046460000000,   0.00600,
,,,0.046462000000,  -0.04400,
,,,0.046464000000,  -0.00200,
,,,0.046466000000,   0.02800,
,,,0.046468000000,   0.02600,
,,,0.046470000000,   0.00200,
,,,0.046472000000,  -0.01400,
,,,0.046474000000,   0.02600,
,,,0.046476000000,   0.03000,
,,,0.046478000000,   0.00400,
,,,0.046480000000,   0.01400,
,,,0.046482000000,   0.03400,
,,,0.046484000000,   0.03400,
,,,0.046486000000,  -0.00400,
,,,0.046488000000,  -0.00200,
,,,0.046490000000,   0.01800,
,,,0.046492000000,   0.00000,
,,,0.046494000000,  -0.01200,
,,,0.046496000000,   0.01000,
,,,0.046498000000,   0.01800,
,,,0.046500000000,   0.01600,
,,,0.046502000000,   0.02800,
,,,0.046504000000,   0.01400,
,,,0.046506000000,   0.03200,
,,,0.046508000000,   0.01800,
,,,0.046510000000,   0.00800,
,,,0.046512000000,   0.00800,
,,,0.046514000000,  -0.01800,
,,,0.046516000000,  -0.02200,
,,,0.046518000000,  -0.01400,
,,,0.046520000000,   0.01800,
,,,0.046522000000,   0.00800,
,,,0.046524000000,   0.01800,
,,,0.046526000000,  -0.00200,
,,,0.046528000000,   0.02800,
,,,0.046530000000,   0.02200,
,,,0.046532000000,  -0.00600,
,,,0.046534000000,  -0.00600,
,,,0.046536000000,   0.01000,
,,,0.046538000000,  -0.00600,
,,,0.046540000000,  -0.00600,
,,,0.046542000000,   0.00800,
,,,0.046544000000,  -0.00400,
,,,0.046546000000,   0.00200,
,,,0.046548000000,   0.00600,
,,,0.046550000000,   0.01000,
,,,0.046552000000,   0.03000,
,,,0.046554000000,   0.02400,
,,,0.046556000000,   0.03000,
,,,0.046558000000,   0.01400,
,,,0.046560000000,   0.01400,
,,,0.046562000000,  -0.00600,
,,,0.046564000000,  -0.00200,
,,,0.046566000000,   0.03000,
,,,0.046568000000,   0.05400,
,,,0.046570000000,   0.02200,
,,,0.046572000000,   0.00000,
,,,0.046574000000,   0.04000,
,,,0.046576000000,   0.02600,
,,,0.046578000000,  -0.00600,
,,,0.046580000000,  -0.00600,
,,,0.046582000000,  -0.01600,
,,,0.046584000000,  -0.01000,
,,,0.046586000000,   0.02400,
,,,0.046588000000,   0.00200,
,,,0.046590000000,   0.00200,
,,,0.046592000000,  -0.01200,
,,,0.046594000000,   0.02200,
,,,0.046596000000,   0.03800,
,,,0.046598000000,   0.02800,
,,,0.046600000000,   0.00400,
,,,0.046602000000,  -0.00200,
,,,0.046604000000,   0.00800,
,,,0.046606000000,  -0.01600,
,,,0.046608000000,  -0.00600,
,,,0.046610000000,   0.00400,
,,,0.046612000000,   0.02000,
,,,0.046614000000,  -0.00600,
,,,0.046616000000,  -0.02600,
,,,0.046618000000,  -0.03000,
,,,0.046620000000,  -0.00400,
,,,0.046622000000,   0.00400,
,,,0.046624000000,   0.00200,
,,,0.046626000000,   0.00800,
,,,0.046628000000,   0.00400,
,,,0.046630000000,   0.00600,
,,,0.046632000000,   0.00600,
,,,0.046634000000,   0.00800,
,,,0.046636000000,  -0.02800,
,,,0.046638000000,   0.01400,
,,,0.046640000000,   0.00400,
,,,0.046642000000,  -0.00600,
,,,0.046644000000,   0.00600,
,,,0.046646000000,  -0.00600,
,,,0.046648000000,   0.00400,
,,,0.046650000000,   0.03600,
,,,0.046652000000,   0.01000,
,,,0.046654000000,   0.01800,
,,,0.046656000000,   0.02000,
,,,0.046658000000,   0.00400,
,,,0.046660000000,   0.00400,
,,,0.046662000000,   0.01400,
,,,0.046664000000,  -0.00800,
,,,0.046666000000,   0.00600,
,,,0.046668000000,   0.03400,
,,,0.046670000000,  -0.00400,
,,,0.046672000000,   0.01200,
,,,0.046674000000,   0.00800,
,,,0.046676000000,  -0.01400,
,,,0.046678000000,   0.00000,
,,,0.046680000000,   0.01600,
,,,0.046682000000,   0.03400,
,,,0.046684000000,   0.01400,
,,,0.046686000000,   0.00200,
,,,0.046688000000,  -0.00200,
,,,0.046690000000,   0.00400,
,,,0.046692000000,   0.00600,
,,,0.046694000000,   0.00400,
,,,0.046696000000,   0.00400,
,,,0.046698000000,   0.01600,
,,,0.046700000000,   0.01800,
,,,0.046702000000,   0.00000,
,,,0.046704000000,   0.00000,
,,,0.046706000000,   0.02600,
,,,0.046708000000,   0.03800,
,,,0.046710000000,   0.02800,
,,,0.046712000000,   0.00400,
,,,0.046714000000,   0.02000,
,,,0.046716000000,   0.04000,
,,,0.046718000000,   0.02200,
,,,0.046720000000,   0.00400,
,,,0.046722000000,   0.01800,
,,,0.046724000000,   0.00800,
,,,0.046726000000,  -0.02000,
,,,0.046728000000,   0.00800,
,,,0.046730000000,   0.01800,
,,,0.046732000000,  -0.00200,
,,,0.046734000000,   0.00000,
,,,0.046736000000,   0.01200,
,,,0.046738000000,   0.01000,
,,,0.046740000000,   0.01800,
,,,0.046742000000,   0.02000,
,,,0.046744000000,   0.05000,
,,,0.046746000000,   0.03600,
,,,0.046748000000,   0.02200,
,,,0.046750000000,   0.00400,
,,,0.046752000000,  -0.00200,
,,,0.046754000000,   0.00000,
,,,0.046756000000,   0.02600,
,,,0.046758000000,   0.01800,
,,,0.046760000000,   0.00600,
,,,0.046762000000,   0.00200,
,,,0.046764000000,   0.00200,
,,,0.046766000000,  -0.00400,
,,,0.046768000000,   0.00200,
,,,0.046770000000,   0.00200,
,,,0.046772000000,   0.02000,
,,,0.046774000000,   0.01000,
,,,0.046776000000,  -0.01200,
,,,0.046778000000,   0.01200,
,,,0.046780000000,   0.02600,
,,,0.046782000000,   0.02200,
,,,0.046784000000,  -0.00600,
,,,0.046786000000,   0.00800,
,,,0.046788000000,   0.01600,
,,,0.046790000000,   0.00800,
,,,0.046792000000,   0.02000,
,,,0.046794000000,   0.04000,
,,,0.046796000000,   0.03400,
,,,0.046798000000,   0.00000,
,,,0.046800000000,   0.00200,
,,,0.046802000000,  -0.00600,
,,,0.046804000000,   0.02400,
,,,0.046806000000,   0.01200,
,,,0.046808000000,  -0.00400,
,,,0.046810000000,   0.00600,
,,,0.046812000000,   0.01200,
,,,0.046814000000,   0.01200,
,,,0.046816000000,   0.00600,
,,,0.046818000000,   0.04600,
,,,0.046820000000,   0.02200,
,,,0.046822000000,   0.00400,
,,,0.046824000000,   0.02800,
,,,0.046826000000,  -0.01200,
,,,0.046828000000,   0.02000,
,,,0.046830000000,   0.00400,
,,,0.046832000000,  -0.01600,
,,,0.046834000000,  -0.01200,
,,,0.046836000000,   0.01200,
,,,0.046838000000,   0.02400,
,,,0.046840000000,   0.03000,
,,,0.046842000000,   0.00200,
,,,0.046844000000,  -0.00400,
,,,0.046846000000,   0.02400,
,,,0.046848000000,   0.01800,
,,,0.046850000000,   0.03000,
,,,0.046852000000,   0.02000,
,,,0.046854000000,   0.03200,
,,,0.046856000000,   0.00800,
,,,0.046858000000,  -0.01000,
,,,0.046860000000,   0.01600,
,,,0.046862000000,   0.04200,
,,,0.046864000000,   0.02800,
,,,0.046866000000,   0.01800,
,,,0.046868000000,  -0.00200,
,,,0.046870000000,  -0.00400,
,,,0.046872000000,   0.02400,
,,,0.046874000000,   0.02800,
,,,0.046876000000,   0.01200,
,,,0.046878000000,   0.01000,
,,,0.046880000000,   0.04200,
,,,0.046882000000,   0.01800,
,,,0.046884000000,   0.02000,
,,,0.046886000000,   0.00000,
,,,0.046888000000,   0.01600,
,,,0.046890000000,  -0.00400,
,,,0.046892000000,  -0.01600,
,,,0.046894000000,  -0.01600,
,,,0.046896000000,  -0.02200,
,,,0.046898000000,  -0.00800,
,,,0.046900000000,   0.00800,
,,,0.046902000000,   0.00000,
,,,0.046904000000,   0.01600,
,,,0.046906000000,   0.04000,
,,,0.046908000000,   0.01000,
,,,0.046910000000,  -0.00200,
,,,0.046912000000,   0.00200,
,,,0.046914000000,  -0.00600,
,,,0.046916000000,  -0.00400,
,,,0.046918000000,   0.02200,
,,,0.046920000000,   0.02400,
,,,0.046922000000,   0.00200,
,,,0.046924000000,   0.00800,
,,,0.046926000000,   0.01400,
,,,0.046928000000,   0.02200,
,,,0.046930000000,   0.03600,
,,,0.046932000000,  -0.00200,
,,,0.046934000000,   0.01000,
,,,0.046936000000,   0.00200,
,,,0.046938000000,   0.00800,
,,,0.046940000000,   0.04000,
,,,0.046942000000,   0.01400,
,,,0.046944000000,  -0.01000,
,,,0.046946000000,   0.02200,
,,,0.046948000000,   0.04400,
,,,0.046950000000,   0.01400,
,,,0.046952000000,   0.02600,
,,,0.046954000000,   0.03800,
,,,0.046956000000,   0.01400,
,,,0.046958000000,   0.02600,
,,,0.046960000000,   0.02800,
,,,0.046962000000,  -0.01000,
,,,0.046964000000,  -0.01000,
,,,0.046966000000,  -0.00200,
,,,0.046968000000,   0.01800,
,,,0.046970000000,   0.01000,
,,,0.046972000000,   0.01400,
,,,0.046974000000,  -0.02400,
,,,0.046976000000,   0.01600,
,,,0.046978000000,   0.00600,
,,,0.046980000000,   0.03200,
,,,0.046982000000,   0.00600,
,,,0.046984000000,   0.01400,
,,,0.046986000000,   0.01600,
,,,0.046988000000,   0.01600,
,,,0.046990000000,  -0.01000,
,,,0.046992000000,   0.03200,
,,,0.046994000000,   0.03000,
,,,0.046996000000,   0.04400,
,,,0.046998000000,   0.03600,
,,,0.047000000000,   0.02000,
,,,0.047002000000,   0.00200,
,,,0.047004000000,   0.00000,
,,,0.047006000000,  -0.01200,
,,,0.047008000000,   0.00200,
,,,0.047010000000,  -0.00200,
,,,0.047012000000,  -0.02200,
,,,0.047014000000,  -0.00200,
,,,0.047016000000,   0.01200,
,,,0.047018000000,   0.01200,
,,,0.047020000000,   0.00800,
,,,0.047022000000,  -0.00200,
,,,0.047024000000,  -0.00400,
,,,0.047026000000,   0.01200,
,,,0.047028000000,   0.01600,
,,,0.047030000000,   0.01200,
,,,0.047032000000,   0.01800,
,,,0.047034000000,   0.01600,
,,,0.047036000000,   0.00000,
,,,0.047038000000,   0.02600,
,,,0.047040000000,   0.01600,
,,,0.047042000000,   0.00800,
,,,0.047044000000,   0.03200,
,,,0.047046000000,   0.03000,
,,,0.047048000000,   0.03600,
,,,0.047050000000,   0.03800,
,,,0.047052000000,   0.02200,
,,,0.047054000000,   0.03600,
,,,0.047056000000,   0.02000,
,,,0.047058000000,   0.01600,
,,,0.047060000000,   0.01200,
,,,0.047062000000,   0.00600,
,,,0.047064000000,  -0.01600,
,,,0.047066000000,   0.02600,
,,,0.047068000000,   0.01800,
,,,0.047070000000,   0.01200,
,,,0.047072000000,   0.01000,
,,,0.047074000000,   0.01000,
,,,0.047076000000,   0.01400,
,,,0.047078000000,   0.00600,
,,,0.047080000000,   0.00400,
,,,0.047082000000,   0.02000,
,,,0.047084000000,   0.02000,
,,,0.047086000000,   0.02000,
,,,0.047088000000,  -0.00800,
,,,0.047090000000,  -0.00600,
,,,0.047092000000,   0.01200,
,,,0.047094000000,   0.00000,
,,,0.047096000000,  -0.00600,
,,,0.047098000000,   0.01000,
,,,0.047100000000,   0.01000,
,,,0.047102000000,  -0.00800,
,,,0.047104000000,   0.02800,
,,,0.047106000000,   0.01200,
,,,0.047108000000,  -0.00600,
,,,0.047110000000,   0.02600,
,,,0.047112000000,   0.01400,
,,,0.047114000000,   0.02400,
,,,0.047116000000,   0.00800,
,,,0.047118000000,   0.00000,
,,,0.047120000000,  -0.00400,
,,,0.047122000000,   0.00400,
,,,0.047124000000,   0.04000,
,,,0.047126000000,   0.03000,
,,,0.047128000000,   0.01000,
,,,0.047130000000,   0.00200,
,,,0.047132000000,  -0.02600,
,,,0.047134000000,  -0.00400,
,,,0.047136000000,   0.01800,
,,,0.047138000000,   0.03200,
,,,0.047140000000,   0.02000,
,,,0.047142000000,   0.01000,
,,,0.047144000000,   0.02200,
,,,0.047146000000,  -0.00200,
,,,0.047148000000,  -0.02200,
,,,0.047150000000,   0.01400,
,,,0.047152000000,   0.01400,
,,,0.047154000000,   0.02000,
,,,0.047156000000,   0.02600,
,,,0.047158000000,   0.01200,
,,,0.047160000000,   0.00200,
,,,0.047162000000,  -0.00200,
,,,0.047164000000,  -0.00400,
,,,0.047166000000,   0.02400,
,,,0.047168000000,   0.03200,
,,,0.047170000000,   0.00400,
,,,0.047172000000,   0.01600,
,,,0.047174000000,   0.03600,
,,,0.047176000000,   0.00600,
,,,0.047178000000,   0.00000,
,,,0.047180000000,   0.00800,
,,,0.047182000000,  -0.00400,
,,,0.047184000000,  -0.01200,
,,,0.047186000000,   0.01200,
,,,0.047188000000,   0.02200,
,,,0.047190000000,   0.00800,
,,,0.047192000000,  -0.00800,
,,,0.047194000000,   0.01800,
,,,0.047196000000,   0.02800,
,,,0.047198000000,   0.00800,
,,,0.047200000000,   0.03000,
,,,0.047202000000,   0.03400,
,,,0.047204000000,   0.00000,
,,,0.047206000000,  -0.01200,
,,,0.047208000000,   0.00800,
,,,0.047210000000,   0.01200,
,,,0.047212000000,   0.02000,
,,,0.047214000000,   0.02000,
,,,0.047216000000,   0.02200,
,,,0.047218000000,   0.03200,
,,,0.047220000000,   0.01000,
,,,0.047222000000,  -0.01600,
,,,0.047224000000,   0.02200,
,,,0.047226000000,  -0.01200,
,,,0.047228000000,  -0.02600,
,,,0.047230000000,  -0.01000,
,,,0.047232000000,   0.01400,
,,,0.047234000000,   0.00800,
,,,0.047236000000,   0.02000,
,,,0.047238000000,   0.01200,
,,,0.047240000000,   0.01800,
,,,0.047242000000,   0.00400,
,,,0.047244000000,   0.01000,
,,,0.047246000000,   0.02200,
,,,0.047248000000,   0.01600,
,,,0.047250000000,   0.01600,
,,,0.047252000000,   0.00600,
,,,0.047254000000,   0.01400,
,,,0.047256000000,   0.01200,
,,,0.047258000000,   0.02800,
,,,0.047260000000,   0.00800,
,,,0.047262000000,   0.01200,
,,,0.047264000000,   0.02800,
,,,0.047266000000,   0.02200,
,,,0.047268000000,  -0.00400,
,,,0.047270000000,   0.02400,
,,,0.047272000000,   0.05000,
,,,0.047274000000,   0.02600,
,,,0.047276000000,   0.00600,
,,,0.047278000000,   0.02200,
,,,0.047280000000,   0.03000,
,,,0.047282000000,   0.02200,
,,,0.047284000000,   0.00400,
,,,0.047286000000,   0.01200,
,,,0.047288000000,   0.02200,
,,,0.047290000000,   0.02800,
,,,0.047292000000,   0.02200,
,,,0.047294000000,   0.00000,
,,,0.047296000000,   0.01600,
,,,0.047298000000,   0.02600,
,,,0.047300000000,   0.02200,
,,,0.047302000000,  -0.01600,
,,,0.047304000000,   0.01000,
,,,0.047306000000,  -0.00200,
,,,0.047308000000,   0.00400,
,,,0.047310000000,   0.00600,
,,,0.047312000000,   0.01000,
,,,0.047314000000,   0.00000,
,,,0.047316000000,   0.01000,
,,,0.047318000000,   0.01000,
,,,0.047320000000,   0.01400,
,,,0.047322000000,   0.03000,
,,,0.047324000000,   0.02600,
,,,0.047326000000,   0.02600,
,,,0.047328000000,   0.01200,
,,,0.047330000000,   0.01000,
,,,0.047332000000,   0.00400,
,,,0.047334000000,   0.00400,
,,,0.047336000000,  -0.01600,
,,,0.047338000000,  -0.02400,
,,,0.047340000000,  -0.00200,
,,,0.047342000000,   0.01600,
,,,0.047344000000,   0.03200,
,,,0.047346000000,   0.03600,
,,,0.047348000000,   0.01600,
,,,0.047350000000,   0.00800,
,,,0.047352000000,   0.03200,
,,,0.047354000000,  -0.00600,
,,,0.047356000000,   0.01800,
,,,0.047358000000,   0.01200,
,,,0.047360000000,   0.00400,
,,,0.047362000000,   0.01800,
,,,0.047364000000,   0.03400,
,,,0.047366000000,   0.02400,
,,,0.047368000000,  -0.01800,
,,,0.047370000000,  -0.01800,
,,,0.047372000000,   0.01800,
,,,0.047374000000,   0.03200,
,,,0.047376000000,   0.03000,
,,,0.047378000000,  -0.00200,
,,,0.047380000000,   0.00000,
,,,0.047382000000,   0.01600,
,,,0.047384000000,   0.02200,
,,,0.047386000000,   0.01200,
,,,0.047388000000,   0.00000,
,,,0.047390000000,   0.02600,
,,,0.047392000000,   0.01800,
,,,0.047394000000,  -0.01200,
,,,0.047396000000,   0.00800,
,,,0.047398000000,   0.00400,
,,,0.047400000000,   0.04000,
,,,0.047402000000,   0.01600,
,,,0.047404000000,   0.03400,
,,,0.047406000000,   0.03400,
,,,0.047408000000,   0.02400,
,,,0.047410000000,  -0.00200,
,,,0.047412000000,   0.01200,
,,,0.047414000000,   0.02200,
,,,0.047416000000,   0.02200,
,,,0.047418000000,   0.00000,
,,,0.047420000000,   0.01600,
,,,0.047422000000,  -0.02000,
,,,0.047424000000,  -0.00200,
,,,0.047426000000,   0.02600,
,,,0.047428000000,  -0.00600,
,,,0.047430000000,  -0.00400,
,,,0.047432000000,   0.00600,
,,,0.047434000000,   0.01000,
,,,0.047436000000,   0.01800,
,,,0.047438000000,   0.01000,
,,,0.047440000000,   0.00400,
,,,0.047442000000,   0.01000,
,,,0.047444000000,   0.00600,
,,,0.047446000000,   0.02200,
,,,0.047448000000,  -0.00400,
,,,0.047450000000,   0.00400,
,,,0.047452000000,   0.00600,
,,,0.047454000000,  -0.00800,
,,,0.047456000000,   0.02200,
,,,0.047458000000,   0.01400,
,,,0.047460000000,   0.02400,
,,,0.047462000000,   0.01800,
,,,0.047464000000,   0.01600,
,,,0.047466000000,  -0.00400,
,,,0.047468000000,  -0.00600,
,,,0.047470000000,   0.01200,
,,,0.047472000000,   0.00600,
,,,0.047474000000,   0.03200,
,,,0.047476000000,  -0.00600,
,,,0.047478000000,   0.00400,
,,,0.047480000000,   0.02000,
,,,0.047482000000,  -0.01200,
,,,0.047484000000,   0.00400,
,,,0.047486000000,  -0.00600,
,,,0.047488000000,   0.00800,
,,,0.047490000000,   0.03400,
,,,0.047492000000,   0.04600,
,,,0.047494000000,   0.03000,
,,,0.047496000000,   0.01200,
,,,0.047498000000,  -0.00200,
,,,0.047500000000,  -0.01400,
,,,0.047502000000,   0.00200,
,,,0.047504000000,   0.00800,
,,,0.047506000000,   0.01800,
,,,0.047508000000,   0.03200,
,,,0.047510000000,  -0.01400,
,,,0.047512000000,  -0.00800,
,,,0.047514000000,   0.01800,
,,,0.047516000000,   0.01600,
,,,0.047518000000,   0.00000,
,,,0.047520000000,  -0.00400,
,,,0.047522000000,   0.02600,
,,,0.047524000000,   0.03000,
,,,0.047526000000,   0.00000,
,,,0.047528000000,  -0.02000,
,,,0.047530000000,  -0.00400,
,,,0.047532000000,   0.00200,
,,,0.047534000000,   0.00800,
,,,0.047536000000,   0.01800,
,,,0.047538000000,   0.01200,
,,,0.047540000000,   0.00400,
,,,0.047542000000,   0.00200,
,,,0.047544000000,   0.00600,
,,,0.047546000000,   0.00400,
,,,0.047548000000,  -0.00200,
,,,0.047550000000,   0.01600,
,,,0.047552000000,   0.00400,
,,,0.047554000000,   0.00600,
,,,0.047556000000,   0.00400,
,,,0.047558000000,   0.02600,
,,,0.047560000000,  -0.00400,
,,,0.047562000000,   0.01000,
,,,0.047564000000,   0.03200,
,,,0.047566000000,   0.02600,
,,,0.047568000000,   0.01200,
,,,0.047570000000,   0.01400,
,,,0.047572000000,   0.01200,
,,,0.047574000000,   0.02200,
,,,0.047576000000,   0.02600,
,,,0.047578000000,   0.02800,
,,,0.047580000000,   0.00400,
,,,0.047582000000,   0.02200,
,,,0.047584000000,   0.01600,
,,,0.047586000000,   0.01000,
,,,0.047588000000,   0.02000,
,,,0.047590000000,   0.02400,
,,,0.047592000000,   0.01200,
,,,0.047594000000,   0.01200,
,,,0.047596000000,  -0.00400,
,,,0.047598000000,   0.01000,
,,,0.047600000000,   0.00200,
,,,0.047602000000,   0.01400,
,,,0.047604000000,   0.02400,
,,,0.047606000000,   0.01200,
,,,0.047608000000,   0.00000,
,,,0.047610000000,   0.00200,
,,,0.047612000000,   0.04000,
,,,0.047614000000,   0.03000,
,,,0.047616000000,   0.01000,
,,,0.047618000000,  -0.00800,
,,,0.047620000000,   0.00800,
,,,0.047622000000,   0.00800,
,,,0.047624000000,  -0.01400,
,,,0.047626000000,  -0.01000,
,,,0.047628000000,   0.02400,
,,,0.047630000000,   0.02000,
,,,0.047632000000,   0.02000,
,,,0.047634000000,   0.00600,
,,,0.047636000000,  -0.00200,
,,,0.047638000000,   0.02200,
,,,0.047640000000,   0.00600,
,,,0.047642000000,   0.00400,
,,,0.047644000000,   0.01000,
,,,0.047646000000,   0.01400,
,,,0.047648000000,   0.00400,
,,,0.047650000000,   0.01800,
,,,0.047652000000,   0.00000,
,,,0.047654000000,  -0.00200,
,,,0.047656000000,   0.02800,
,,,0.047658000000,   0.01000,
,,,0.047660000000,   0.00000,
,,,0.047662000000,  -0.00600,
,,,0.047664000000,   0.02600,
,,,0.047666000000,   0.03400,
,,,0.047668000000,   0.00000,
,,,0.047670000000,  -0.00800,
,,,0.047672000000,   0.00000,
,,,0.047674000000,  -0.00200,
,,,0.047676000000,  -0.02400,
,,,0.047678000000,   0.00600,
,,,0.047680000000,   0.01800,
,,,0.047682000000,   0.01000,
,,,0.047684000000,   0.00600,
,,,0.047686000000,  -0.02200,
,,,0.047688000000,  -0.00400,
,,,0.047690000000,  -0.01000,
,,,0.047692000000,  -0.02000,
,,,0.047694000000,   0.00200,
,,,0.047696000000,   0.02400,
,,,0.047698000000,  -0.00200,
,,,0.047700000000,  -0.00400,
,,,0.047702000000,   0.01000,
,,,0.047704000000,   0.01000,
,,,0.047706000000,  -0.00800,
,,,0.047708000000,   0.00400,
,,,0.047710000000,   0.02200,
,,,0.047712000000,   0.01000,
,,,0.047714000000,   0.00600,
,,,0.047716000000,   0.01800,
,,,0.047718000000,  -0.02200,
,,,0.047720000000,   0.01000,
,,,0.047722000000,   0.05000,
,,,0.047724000000,   0.00200,
,,,0.047726000000,  -0.00400,
,,,0.047728000000,   0.01800,
,,,0.047730000000,   0.00400,
,,,0.047732000000,   0.01000,
,,,0.047734000000,   0.00800,
,,,0.047736000000,  -0.03200,
,,,0.047738000000,   0.01800,
,,,0.047740000000,   0.02600,
,,,0.047742000000,   0.00600,
,,,0.047744000000,   0.00200,
,,,0.047746000000,  -0.00600,
,,,0.047748000000,   0.00200,
,,,0.047750000000,   0.01000,
,,,0.047752000000,  -0.00800,
,,,0.047754000000,  -0.00400,
,,,0.047756000000,   0.01200,
,,,0.047758000000,  -0.03800,
,,,0.047760000000,  -0.01200,
,,,0.047762000000,   0.00200,
,,,0.047764000000,   0.00000,
,,,0.047766000000,   0.01400,
,,,0.047768000000,   0.02200,
,,,0.047770000000,   0.01400,
,,,0.047772000000,   0.00200,
,,,0.047774000000,  -0.00200,
,,,0.047776000000,  -0.00400,
,,,0.047778000000,   0.01200,
,,,0.047780000000,   0.02200,
,,,0.047782000000,   0.01000,
,,,0.047784000000,   0.01200,
,,,0.047786000000,   0.00000,
,,,0.047788000000,   0.00000,
,,,0.047790000000,  -0.00400,
,,,0.047792000000,   0.01600,
,,,0.047794000000,   0.00600,
,,,0.047796000000,   0.00600,
,,,0.047798000000,   0.02200,
,,,0.047800000000,   0.02200,
,,,0.047802000000,   0.01600,
,,,0.047804000000,   0.00400,
,,,0.047806000000,   0.02600,
,,,0.047808000000,   0.01400,
,,,0.047810000000,   0.02400,
,,,0.047812000000,   0.00000,
,,,0.047814000000,   0.03000,
,,,0.047816000000,   0.02800,
,,,0.047818000000,   0.04400,
,,,0.047820000000,   0.01000,
,,,0.047822000000,  -0.02800,
,,,0.047824000000,  -0.01400,
,,,0.047826000000,   0.02000,
,,,0.047828000000,   0.02000,
,,,0.047830000000,  -0.00600,
,,,0.047832000000,   0.00000,
,,,0.047834000000,   0.02800,
,,,0.047836000000,  -0.00800,
,,,0.047838000000,  -0.00600,
,,,0.047840000000,   0.00600,
,,,0.047842000000,  -0.01400,
,,,0.047844000000,   0.00400,
,,,0.047846000000,   0.01000,
,,,0.047848000000,   0.00400,
,,,0.047850000000,   0.03000,
,,,0.047852000000,   0.03200,
,,,0.047854000000,   0.03600,
,,,0.047856000000,   0.03800,
,,,0.047858000000,   0.00000,
,,,0.047860000000,   0.00600,
,,,0.047862000000,   0.03000,
,,,0.047864000000,   0.01800,
,,,0.047866000000,   0.01600,
,,,0.047868000000,   0.02400,
,,,0.047870000000,   0.01600,
,,,0.047872000000,   0.01000,
,,,0.047874000000,   0.01000,
,,,0.047876000000,   0.00400,
,,,0.047878000000,   0.02400,
,,,0.047880000000,   0.02000,
,,,0.047882000000,   0.01200,
,,,0.047884000000,  -0.01600,
,,,0.047886000000,   0.00600,
,,,0.047888000000,   0.01400,
,,,0.047890000000,   0.02400,
,,,0.047892000000,   0.01800,
,,,0.047894000000,   0.00400,
,,,0.047896000000,   0.00800,
,,,0.047898000000,   0.00600,
,,,0.047900000000,   0.01200,
,,,0.047902000000,   0.03000,
,,,0.047904000000,   0.01600,
,,,0.047906000000,   0.01800,
,,,0.047908000000,   0.00600,
,,,0.047910000000,  -0.00600,
,,,0.047912000000,   0.02000,
,,,0.047914000000,   0.02600,
,,,0.047916000000,  -0.00200,
,,,0.047918000000,   0.01800,
,,,0.047920000000,   0.03400,
,,,0.047922000000,   0.04600,
,,,0.047924000000,   0.00600,
,,,0.047926000000,   0.04200,
,,,0.047928000000,   0.02400,
,,,0.047930000000,   0.00800,
,,,0.047932000000,  -0.00400,
,,,0.047934000000,  -0.01200,
,,,0.047936000000,  -0.01000,
,,,0.047938000000,   0.00800,
,,,0.047940000000,   0.00000,
,,,0.047942000000,   0.02400,
,,,0.047944000000,   0.00600,
,,,0.047946000000,   0.02800,
,,,0.047948000000,  -0.00200,
,,,0.047950000000,   0.00000,
,,,0.047952000000,   0.02200,
,,,0.047954000000,   0.01200,
,,,0.047956000000,   0.01800,
,,,0.047958000000,   0.02000,
,,,0.047960000000,  -0.00800,
,,,0.047962000000,   0.02200,
,,,0.047964000000,   0.02800,
,,,0.047966000000,   0.05000,
,,,0.047968000000,   0.03600,
,,,0.047970000000,   0.00800,
,,,0.047972000000,   0.03600,
,,,0.047974000000,   0.00600,
,,,0.047976000000,  -0.00400,
,,,0.047978000000,   0.02200,
,,,0.047980000000,   0.03600,
,,,0.047982000000,   0.01800,
,,,0.047984000000,   0.00400,
,,,0.047986000000,   0.02800,
,,,0.047988000000,   0.05000,
,,,0.047990000000,   0.05200,
,,,0.047992000000,   0.02600,
,,,0.047994000000,  -0.00800,
,,,0.047996000000,   0.00400,
,,,0.047998000000,   0.00800,
,,,0.048000000000,  -0.00600,
,,,0.048002000000,   0.00200,
,,,0.048004000000,  -0.01400,
,,,0.048006000000,   0.03000,
,,,0.048008000000,   0.03000,
,,,0.048010000000,  -0.00400,
,,,0.048012000000,   0.01200,
,,,0.048014000000,   0.02200,
,,,0.048016000000,  -0.01600,
,,,0.048018000000,   0.00000,
,,,0.048020000000,   0.01600,
,,,0.048022000000,  -0.00200,
,,,0.048024000000,   0.02400,
,,,0.048026000000,   0.01200,
,,,0.048028000000,   0.00800,
,,,0.048030000000,  -0.00200,
,,,0.048032000000,   0.00000,
,,,0.048034000000,  -0.00600,
,,,0.048036000000,  -0.02200,
,,,0.048038000000,  -0.02400,
,,,0.048040000000,   0.00600,
,,,0.048042000000,   0.00200,
,,,0.048044000000,  -0.00600,
,,,0.048046000000,   0.01600,
,,,0.048048000000,   0.03600,
,,,0.048050000000,   0.00800,
,,,0.048052000000,  -0.01200,
,,,0.048054000000,  -0.01400,
,,,0.048056000000,   0.00800,
,,,0.048058000000,  -0.00200,
,,,0.048060000000,   0.01200,
,,,0.048062000000,   0.00600,
,,,0.048064000000,   0.02600,
,,,0.048066000000,   0.03800,
,,,0.048068000000,   0.01000,
,,,0.048070000000,   0.00000,
,,,0.048072000000,   0.01800,
,,,0.048074000000,   0.02800,
,,,0.048076000000,   0.00400,
,,,0.048078000000,   0.01600,
,,,0.048080000000,   0.03200,
,,,0.048082000000,   0.01800,
,,,0.048084000000,   0.00600,
,,,0.048086000000,   0.00400,
,,,0.048088000000,  -0.01200,
,,,0.048090000000,   0.01600,
,,,0.048092000000,   0.01400,
,,,0.048094000000,   0.00600,
,,,0.048096000000,  -0.00800,
,,,0.048098000000,   0.01000,
,,,0.048100000000,   0.01200,
,,,0.048102000000,   0.04400,
,,,0.048104000000,   0.04200,
,,,0.048106000000,   0.01000,
,,,0.048108000000,  -0.01200,
,,,0.048110000000,   0.02600,
,,,0.048112000000,   0.01800,
,,,0.048114000000,   0.00200,
,,,0.048116000000,  -0.01200,
,,,0.048118000000,  -0.00200,
,,,0.048120000000,   0.00000,
,,,0.048122000000,   0.02200,
,,,0.048124000000,   0.00200,
,,,0.048126000000,   0.02000,
,,,0.048128000000,   0.02000,
,,,0.048130000000,  -0.00200,
,,,0.048132000000,  -0.00400,
,,,0.048134000000,  -0.01600,
,,,0.048136000000,  -0.03000,
,,,0.048138000000,  -0.01200,
,,,0.048140000000,   0.00000,
,,,0.048142000000,   0.02200,
,,,0.048144000000,   0.02000,
,,,0.048146000000,   0.01000,
,,,0.048148000000,   0.00800,
,,,0.048150000000,   0.01400,
,,,0.048152000000,   0.01400,
,,,0.048154000000,   0.02600,
,,,0.048156000000,   0.00000,
,,,0.048158000000,  -0.00400,
,,,0.048160000000,   0.01600,
,,,0.048162000000,   0.00800,
,,,0.048164000000,   0.00000,
,,,0.048166000000,   0.00600,
,,,0.048168000000,  -0.01400,
,,,0.048170000000,  -0.00800,
,,,0.048172000000,  -0.00200,
,,,0.048174000000,   0.01400,
,,,0.048176000000,   0.03600,
,,,0.048178000000,   0.01000,
,,,0.048180000000,   0.01600,
,,,0.048182000000,   0.01600,
,,,0.048184000000,   0.00000,
,,,0.048186000000,   0.00600,
,,,0.048188000000,  -0.00800,
,,,0.048190000000,   0.00400,
,,,0.048192000000,  -0.01400,
,,,0.048194000000,   0.01000,
,,,0.048196000000,   0.02000,
,,,0.048198000000,   0.00400,
,,,0.048200000000,   0.03600,
,,,0.048202000000,  -0.00400,
,,,0.048204000000,   0.00600,
,,,0.048206000000,   0.02400,
,,,0.048208000000,   0.00600,
,,,0.048210000000,   0.03000,
,,,0.048212000000,   0.03600,
,,,0.048214000000,   0.00800,
,,,0.048216000000,   0.01200,
,,,0.048218000000,   0.02600,
,,,0.048220000000,   0.03200,
,,,0.048222000000,   0.02000,
,,,0.048224000000,  -0.01200,
,,,0.048226000000,  -0.02000,
,,,0.048228000000,   0.03400,
,,,0.048230000000,   0.02600,
,,,0.048232000000,   0.00400,
,,,0.048234000000,   0.01400,
,,,0.048236000000,  -0.02200,
,,,0.048238000000,   0.01200,
,,,0.048240000000,   0.02800,
,,,0.048242000000,   0.00800,
,,,0.048244000000,   0.01800,
,,,0.048246000000,  -0.01000,
,,,0.048248000000,  -0.00400,
,,,0.048250000000,   0.01800,
,,,0.048252000000,  -0.00200,
,,,0.048254000000,   0.00000,
,,,0.048256000000,   0.01600,
,,,0.048258000000,   0.00200,
,,,0.048260000000,   0.01000,
,,,0.048262000000,   0.00600,
,,,0.048264000000,   0.01000,
,,,0.048266000000,  -0.00800,
,,,0.048268000000,   0.00200,
,,,0.048270000000,   0.03200,
,,,0.048272000000,   0.01000,
,,,0.048274000000,  -0.01000,
,,,0.048276000000,   0.00400,
,,,0.048278000000,   0.01600,
,,,0.048280000000,   0.01400,
,,,0.048282000000,   0.00600,
,,,0.048284000000,  -0.02600,
,,,0.048286000000,  -0.01200,
,,,0.048288000000,   0.02000,
,,,0.048290000000,   0.00400,
,,,0.048292000000,  -0.00200,
,,,0.048294000000,   0.02800,
,,,0.048296000000,   0.04200,
,,,0.048298000000,   0.03400,
,,,0.048300000000,   0.02600,
,,,0.048302000000,   0.02400,
,,,0.048304000000,   0.01600,
,,,0.048306000000,   0.01800,
,,,0.048308000000,   0.00000,
,,,0.048310000000,   0.01200,
,,,0.048312000000,   0.00000,
,,,0.048314000000,   0.00600,
,,,0.048316000000,   0.01000,
,,,0.048318000000,   0.01200,
,,,0.048320000000,   0.01200,
,,,0.048322000000,   0.02600,
,,,0.048324000000,   0.02600,
,,,0.048326000000,  -0.00800,
,,,0.048328000000,  -0.00200,
,,,0.048330000000,  -0.01000,
,,,0.048332000000,   0.01600,
,,,0.048334000000,   0.01200,
,,,0.048336000000,   0.00400,
,,,0.048338000000,  -0.01800,
,,,0.048340000000,   0.02400,
,,,0.048342000000,   0.00000,
,,,0.048344000000,   0.00600,
,,,0.048346000000,   0.01200,
,,,0.048348000000,   0.01400,
,,,0.048350000000,   0.04000,
,,,0.048352000000,   0.03200,
,,,0.048354000000,   0.02400,
,,,0.048356000000,   0.02800,
,,,0.048358000000,   0.01600,
,,,0.048360000000,   0.02800,
,,,0.048362000000,   0.01000,
,,,0.048364000000,  -0.00200,
,,,0.048366000000,   0.00200,
,,,0.048368000000,   0.01200,
,,,0.048370000000,  -0.00600,
,,,0.048372000000,   0.01200,
,,,0.048374000000,   0.00600,
,,,0.048376000000,   0.02400,
,,,0.048378000000,   0.02200,
,,,0.048380000000,   0.02400,
,,,0.048382000000,   0.00400,
,,,0.048384000000,   0.02200,
,,,0.048386000000,   0.00800,
,,,0.048388000000,  -0.00600,
,,,0.048390000000,  -0.00800,
,,,0.048392000000,   0.00000,
,,,0.048394000000,   0.03200,
,,,0.048396000000,   0.02200,
,,,0.048398000000,   0.02600,
,,,0.048400000000,  -0.00400,
,,,0.048402000000,   0.00400,
,,,0.048404000000,   0.03600,
,,,0.048406000000,   0.00400,
,,,0.048408000000,  -0.01000,
,,,0.048410000000,   0.01000,
,,,0.048412000000,   0.01400,
,,,0.048414000000,  -0.01000,
,,,0.048416000000,  -0.00600,
,,,0.048418000000,   0.01600,
,,,0.048420000000,   0.02200,
,,,0.048422000000,   0.01800,
,,,0.048424000000,   0.02000,
,,,0.048426000000,  -0.01600,
,,,0.048428000000,   0.00600,
,,,0.048430000000,   0.01400,
,,,0.048432000000,   0.02000,
,,,0.048434000000,   0.01000,
,,,0.048436000000,  -0.00600,
,,,0.048438000000,   0.00000,
,,,0.048440000000,   0.04000,
,,,0.048442000000,   0.04000,
,,,0.048444000000,   0.01600,
,,,0.048446000000,  -0.01000,
,,,0.048448000000,   0.00000,
,,,0.048450000000,   0.00200,
,,,0.048452000000,  -0.00600,
,,,0.048454000000,  -0.02400,
,,,0.048456000000,  -0.01200,
,,,0.048458000000,   0.01600,
,,,0.048460000000,   0.00800,
,,,0.048462000000,   0.00600,
,,,0.048464000000,   0.02000,
,,,0.048466000000,   0.01800,
,,,0.048468000000,   0.01200,
,,,0.048470000000,   0.01000,
,,,0.048472000000,   0.01600,
,,,0.048474000000,   0.01200,
,,,0.048476000000,   0.01000,
,,,0.048478000000,  -0.00800,
,,,0.048480000000,   0.00600,
,,,0.048482000000,   0.01400,
,,,0.048484000000,   0.01400,
,,,0.048486000000,   0.00800,
,,,0.048488000000,  -0.00800,
,,,0.048490000000,   0.01400,
,,,0.048492000000,   0.00400,
,,,0.048494000000,   0.01200,
,,,0.048496000000,   0.01800,
,,,0.048498000000,   0.02800,
,,,0.048500000000,  -0.01000,
,,,0.048502000000,   0.03800,
,,,0.048504000000,   0.04800,
,,,0.048506000000,   0.00200,
,,,0.048508000000,  -0.01200,
,,,0.048510000000,  -0.01000,
,,,0.048512000000,   0.03200,
,,,0.048514000000,   0.00800,
,,,0.048516000000,  -0.00600,
,,,0.048518000000,   0.01400,
,,,0.048520000000,   0.01800,
,,,0.048522000000,   0.02400,
,,,0.048524000000,   0.03200,
,,,0.048526000000,   0.00400,
,,,0.048528000000,   0.00000,
,,,0.048530000000,   0.00400,
,,,0.048532000000,   0.01800,
,,,0.048534000000,  -0.00800,
,,,0.048536000000,  -0.01600,
,,,0.048538000000,   0.02200,
,,,0.048540000000,   0.02000,
,,,0.048542000000,   0.01600,
,,,0.048544000000,   0.01400,
,,,0.048546000000,   0.00600,
,,,0.048548000000,   0.00400,
,,,0.048550000000,   0.01600,
,,,0.048552000000,  -0.00800,
,,,0.048554000000,   0.03200,
,,,0.048556000000,   0.02000,
,,,0.048558000000,   0.01600,
,,,0.048560000000,  -0.00600,
,,,0.048562000000,   0.02000,
,,,0.048564000000,   0.00400,
,,,0.048566000000,   0.01600,
,,,0.048568000000,   0.01200,
,,,0.048570000000,   0.02200,
,,,0.048572000000,   0.03800,
,,,0.048574000000,   0.01800,
,,,0.048576000000,   0.00400,
,,,0.048578000000,   0.01800,
,,,0.048580000000,   0.02000,
,,,0.048582000000,   0.01400,
,,,0.048584000000,  -0.01400,
,,,0.048586000000,   0.02200,
,,,0.048588000000,   0.01200,
,,,0.048590000000,   0.01400,
,,,0.048592000000,   0.02800,
,,,0.048594000000,   0.04000,
,,,0.048596000000,   0.01200,
,,,0.048598000000,   0.00200,
,,,0.048600000000,   0.01200,
,,,0.048602000000,   0.00000,
,,,0.048604000000,   0.04200,
,,,0.048606000000,   0.05000,
,,,0.048608000000,   0.01000,
,,,0.048610000000,  -0.01000,
,,,0.048612000000,   0.00200,
,,,0.048614000000,   0.01200,
,,,0.048616000000,   0.03600,
,,,0.048618000000,   0.04800,
,,,0.048620000000,   0.01200,
,,,0.048622000000,   0.00600,
,,,0.048624000000,  -0.01800,
,,,0.048626000000,   0.01200,
,,,0.048628000000,   0.00000,
,,,0.048630000000,   0.01400,
,,,0.048632000000,   0.01600,
,,,0.048634000000,   0.03600,
,,,0.048636000000,   0.03600,
,,,0.048638000000,   0.01600,
,,,0.048640000000,  -0.01000,
,,,0.048642000000,   0.02000,
,,,0.048644000000,   0.03800,
,,,0.048646000000,   0.01600,
,,,0.048648000000,   0.01600,
,,,0.048650000000,   0.02200,
,,,0.048652000000,   0.01800,
,,,0.048654000000,   0.00000,
,,,0.048656000000,  -0.02400,
,,,0.048658000000,  -0.02200,
,,,0.048660000000,  -0.01200,
,,,0.048662000000,   0.00800,
,,,0.048664000000,   0.02000,
,,,0.048666000000,  -0.00800,
,,,0.048668000000,  -0.00400,
,,,0.048670000000,   0.03800,
,,,0.048672000000,   0.01200,
,,,0.048674000000,   0.01400,
,,,0.048676000000,   0.00600,
,,,0.048678000000,   0.00400,
,,,0.048680000000,   0.01400,
,,,0.048682000000,  -0.02600,
,,,0.048684000000,  -0.01600,
,,,0.048686000000,  -0.00800,
,,,0.048688000000,   0.01400,
,,,0.048690000000,   0.01200,
,,,0.048692000000,   0.01000,
,,,0.048694000000,   0.01200,
,,,0.048696000000,  -0.00400,
,,,0.048698000000,   0.00800,
,,,0.048700000000,   0.00200,
,,,0.048702000000,   0.01400,
,,,0.048704000000,   0.00400,
,,,0.048706000000,   0.03600,
,,,0.048708000000,   0.05800,
,,,0.048710000000,   0.04000,
,,,0.048712000000,   0.00800,
,,,0.048714000000,   0.02800,
,,,0.048716000000,   0.01600,
,,,0.048718000000,  -0.01000,
,,,0.048720000000,   0.01200,
,,,0.048722000000,   0.03000,
,,,0.048724000000,   0.02400,
,,,0.048726000000,   0.01800,
,,,0.048728000000,  -0.00400,
,,,0.048730000000,   0.00800,
,,,0.048732000000,   0.00800,
,,,0.048734000000,   0.00600,
,,,0.048736000000,   0.02400,
,,,0.048738000000,   0.03000,
,,,0.048740000000,   0.03200,
,,,0.048742000000,   0.02600,
,,,0.048744000000,   0.01200,
,,,0.048746000000,   0.03200,
,,,0.048748000000,   0.03000,
,,,0.048750000000,   0.01000,
,,,0.048752000000,   0.00800,
,,,0.048754000000,   0.01000,
,,,0.048756000000,  -0.00200,
,,,0.048758000000,   0.01400,
,,,0.048760000000,  -0.02200,
,,,0.048762000000,   0.00000,
,,,0.048764000000,   0.00200,
,,,0.048766000000,   0.00600,
,,,0.048768000000,   0.01800,
,,,0.048770000000,   0.02600,
,,,0.048772000000,   0.03000,
,,,0.048774000000,   0.02600,
,,,0.048776000000,  -0.00400,
,,,0.048778000000,  -0.01000,
,,,0.048780000000,   0.02600,
,,,0.048782000000,  -0.01200,
,,,0.048784000000,   0.00200,
,,,0.048786000000,   0.00600,
,,,0.048788000000,   0.02200,
,,,0.048790000000,   0.00600,
,,,0.048792000000,   0.01600,
,,,0.048794000000,   0.01000,
,,,0.048796000000,   0.01000,
,,,0.048798000000,   0.01400,
,,,0.048800000000,   0.01000,
,,,0.048802000000,   0.00600,
,,,0.048804000000,  -0.02200,
,,,0.048806000000,   0.00000,
,,,0.048808000000,   0.00400,
,,,0.048810000000,  -0.01800,
,,,0.048812000000,   0.00600,
,,,0.048814000000,  -0.00200,
,,,0.048816000000,  -0.01000,
,,,0.048818000000,   0.00800,
,,,0.048820000000,   0.02600,
,,,0.048822000000,   0.02400,
,,,0.048824000000,   0.01000,
,,,0.048826000000,   0.00200,
,,,0.048828000000,  -0.00800,
,,,0.048830000000,   0.00400,
,,,0.048832000000,   0.00400,
,,,0.048834000000,   0.02200,
,,,0.048836000000,   0.00800,
,,,0.048838000000,   0.01000,
,,,0.048840000000,   0.00200,
,,,0.048842000000,   0.02200,
,,,0.048844000000,   0.00800,
,,,0.048846000000,   0.01000,
,,,0.048848000000,   0.02000,
,,,0.048850000000,   0.02800,
,,,0.048852000000,   0.01800,
,,,0.048854000000,   0.02000,
,,,0.048856000000,   0.02200,
,,,0.048858000000,   0.00800,
,,,0.048860000000,   0.00200,
,,,0.048862000000,   0.01600,
,,,0.048864000000,  -0.00400,
,,,0.048866000000,  -0.00200,
,,,0.048868000000,   0.03000,
,,,0.048870000000,   0.03600,
,,,0.048872000000,   0.02600,
,,,0.048874000000,   0.02800,
,,,0.048876000000,   0.01200,
,,,0.048878000000,   0.01200,
,,,0.048880000000,  -0.00200,
,,,0.048882000000,  -0.00200,
,,,0.048884000000,   0.01800,
,,,0.048886000000,   0.02400,
,,,0.048888000000,   0.01000,
,,,0.048890000000,   0.02200,
,,,0.048892000000,   0.03200,
,,,0.048894000000,   0.01000,
,,,0.048896000000,   0.01000,
,,,0.048898000000,   0.00000,
,,,0.048900000000,   0.02800,
,,,0.048902000000,   0.02800,
,,,0.048904000000,  -0.00800,
,,,0.048906000000,   0.01200,
,,,0.048908000000,   0.02000,
,,,0.048910000000,   0.00200,
,,,0.048912000000,  -0.00600,
,,,0.048914000000,   0.00000,
,,,0.048916000000,   0.00400,
,,,0.048918000000,   0.01800,
,,,0.048920000000,   0.00000,
,,,0.048922000000,   0.01400,
,,,0.048924000000,   0.00000,
,,,0.048926000000,   0.01600,
,,,0.048928000000,   0.00000,
,,,0.048930000000,   0.01000,
,,,0.048932000000,   0.02200,
,,,0.048934000000,  -0.00800,
,,,0.048936000000,  -0.00600,
,,,0.048938000000,  -0.01400,
,,,0.048940000000,  -0.00200,
,,,0.048942000000,   0.00600,
,,,0.048944000000,   0.03000,
,,,0.048946000000,   0.01400,
,,,0.048948000000,  -0.00600,
,,,0.048950000000,   0.01200,
,,,0.048952000000,   0.02000,
,,,0.048954000000,   0.01200,
,,,0.048956000000,  -0.01600,
,,,0.048958000000,  -0.02200,
,,,0.048960000000,  -0.00800,
,,,0.048962000000,  -0.01200,
,,,0.048964000000,  -0.00800,
,,,0.048966000000,  -0.00800,
,,,0.048968000000,   0.00400,
,,,0.048970000000,   0.01800,
,,,0.048972000000,   0.01800,
,,,0.048974000000,   0.03200,
,,,0.048976000000,   0.01600,
,,,0.048978000000,   0.00400,
,,,0.048980000000,  -0.00400,
,,,0.048982000000,   0.00800,
,,,0.048984000000,   0.00200,
,,,0.048986000000,   0.01400,
,,,0.048988000000,   0.03200,
,,,0.048990000000,   0.02400,
,,,0.048992000000,   0.02200,
,,,0.048994000000,   0.00000,
,,,0.048996000000,   0.02200,
,,,0.048998000000,   0.01800,
,,,0.049000000000,   0.02000,
,,,0.049002000000,   0.03200,
,,,0.049004000000,   0.03200,
,,,0.049006000000,  -0.00200,
,,,0.049008000000,   0.01600,
,,,0.049010000000,   0.01200,
,,,0.049012000000,   0.01000,
,,,0.049014000000,   0.01000,
,,,0.049016000000,   0.00400,
,,,0.049018000000,  -0.00800,
,,,0.049020000000,  -0.00600,
,,,0.049022000000,  -0.00600,
,,,0.049024000000,  -0.00600,
,,,0.049026000000,   0.01800,
,,,0.049028000000,   0.01400,
,,,0.049030000000,   0.00000,
,,,0.049032000000,  -0.01200,
,,,0.049034000000,   0.02000,
,,,0.049036000000,   0.02200,
,,,0.049038000000,   0.02000,
,,,0.049040000000,   0.02400,
,,,0.049042000000,   0.01200,
,,,0.049044000000,   0.02400,
,,,0.049046000000,  -0.00200,
,,,0.049048000000,   0.02000,
,,,0.049050000000,   0.02600,
,,,0.049052000000,   0.02200,
,,,0.049054000000,   0.02400,
,,,0.049056000000,   0.02400,
,,,0.049058000000,   0.02200,
,,,0.049060000000,   0.00000,
,,,0.049062000000,   0.01400,
,,,0.049064000000,   0.04400,
,,,0.049066000000,  -0.01400,
,,,0.049068000000,  -0.00400,
,,,0.049070000000,   0.00400,
,,,0.049072000000,  -0.01400,
,,,0.049074000000,  -0.02400,
,,,0.049076000000,   0.00200,
,,,0.049078000000,   0.05600,
,,,0.049080000000,   0.03400,
,,,0.049082000000,   0.00400,
,,,0.049084000000,  -0.00200,
,,,0.049086000000,   0.00800,
,,,0.049088000000,  -0.00800,
,,,0.049090000000,  -0.01400,
,,,0.049092000000,   0.00400,
,,,0.049094000000,  -0.01200,
,,,0.049096000000,  -0.02000,
,,,0.049098000000,  -0.02000,
,,,0.049100000000,  -0.00200,
,,,0.049102000000,  -0.01600,
,,,0.049104000000,   0.00800,
,,,0.049106000000,   0.01600,
,,,0.049108000000,   0.01200,
,,,0.049110000000,  -0.00200,
,,,0.049112000000,   0.02800,
,,,0.049114000000,   0.01000,
,,,0.049116000000,   0.02200,
,,,0.049118000000,   0.01600,
,,,0.049120000000,   0.01600,
,,,0.049122000000,   0.04000,
,,,0.049124000000,  -0.00400,
,,,0.049126000000,   0.02800,
,,,0.049128000000,   0.00000,
,,,0.049130000000,   0.02800,
,,,0.049132000000,   0.04400,
,,,0.049134000000,   0.00600,
,,,0.049136000000,  -0.00400,
,,,0.049138000000,   0.02400,
,,,0.049140000000,   0.01000,
,,,0.049142000000,   0.01800,
,,,0.049144000000,   0.03800,
,,,0.049146000000,   0.02000,
,,,0.049148000000,   0.00400,
,,,0.049150000000,   0.01800,
,,,0.049152000000,   0.03600,
,,,0.049154000000,   0.00000,
,,,0.049156000000,  -0.00800,
,,,0.049158000000,  -0.00600,
,,,0.049160000000,  -0.00200,
,,,0.049162000000,  -0.01000,
,,,0.049164000000,   0.00200,
,,,0.049166000000,   0.00800,
,,,0.049168000000,   0.02200,
,,,0.049170000000,   0.03400,
,,,0.049172000000,   0.03000,
,,,0.049174000000,   0.03000,
,,,0.049176000000,   0.02400,
,,,0.049178000000,   0.00400,
,,,0.049180000000,   0.00600,
,,,0.049182000000,   0.02000,
,,,0.049184000000,   0.02800,
,,,0.049186000000,  -0.01600,
,,,0.049188000000,   0.01000,
,,,0.049190000000,   0.01200,
,,,0.049192000000,   0.04200,
,,,0.049194000000,   0.02600,
,,,0.049196000000,   0.01800,
,,,0.049198000000,   0.00800,
,,,0.049200000000,  -0.02800,
,,,0.049202000000,   0.01000,
,,,0.049204000000,   0.02000,
,,,0.049206000000,   0.01600,
,,,0.049208000000,   0.01400,
,,,0.049210000000,   0.02400,
,,,0.049212000000,   0.02800,
,,,0.049214000000,   0.00000,
,,,0.049216000000,   0.00200,
,,,0.049218000000,   0.02600,
,,,0.049220000000,  -0.00200,
,,,0.049222000000,   0.02200,
,,,0.049224000000,   0.01400,
,,,0.049226000000,   0.01800,
,,,0.049228000000,  -0.00200,
,,,0.049230000000,  -0.01000,
,,,0.049232000000,   0.03000,
,,,0.049234000000,   0.03800,
,,,0.049236000000,   0.00400,
,,,0.049238000000,  -0.01000,
,,,0.049240000000,   0.02400,
,,,0.049242000000,  -0.00600,
,,,0.049244000000,  -0.02600,
,,,0.049246000000,   0.01400,
,,,0.049248000000,   0.02800,
,,,0.049250000000,   0.02800,
,,,0.049252000000,  -0.02200,
,,,0.049254000000,   0.00400,
,,,0.049256000000,   0.00600,
,,,0.049258000000,   0.03400,
,,,0.049260000000,   0.04400,
,,,0.049262000000,   0.01200,
,,,0.049264000000,  -0.01200,
,,,0.049266000000,   0.00800,
,,,0.049268000000,   0.00000,
,,,0.049270000000,  -0.01200,
,,,0.049272000000,  -0.01400,
,,,0.049274000000,   0.02400,
,,,0.049276000000,   0.03200,
,,,0.049278000000,  -0.01800,
,,,0.049280000000,  -0.00600,
,,,0.049282000000,   0.01400,
,,,0.049284000000,   0.00400,
,,,0.049286000000,  -0.00800,
,,,0.049288000000,   0.01000,
,,,0.049290000000,   0.01600,
,,,0.049292000000,   0.03200,
,,,0.049294000000,   0.02600,
,,,0.049296000000,  -0.00200,
,,,0.049298000000,   0.00200,
,,,0.049300000000,  -0.00200,
,,,0.049302000000,  -0.00400,
,,,0.049304000000,   0.01600,
,,,0.049306000000,   0.00800,
,,,0.049308000000,   0.00400,
,,,0.049310000000,   0.02600,
,,,0.049312000000,   0.03000,
,,,0.049314000000,   0.01600,
,,,0.049316000000,   0.00600,
,,,0.049318000000,   0.01000,
,,,0.049320000000,   0.02200,
,,,0.049322000000,   0.01400,
,,,0.049324000000,  -0.00600,
,,,0.049326000000,  -0.01400,
,,,0.049328000000,   0.01200,
,,,0.049330000000,   0.00600,
,,,0.049332000000,   0.00600,
,,,0.049334000000,   0.00400,
,,,0.049336000000,   0.04200,
,,,0.049338000000,   0.02400,
,,,0.049340000000,   0.00400,
,,,0.049342000000,   0.01600,
,,,0.049344000000,   0.02800,
,,,0.049346000000,   0.02400,
,,,0.049348000000,   0.00000,
,,,0.049350000000,  -0.00600,
,,,0.049352000000,   0.00800,
,,,0.049354000000,   0.00800,
,,,0.049356000000,   0.00000,
,,,0.049358000000,   0.03000,
,,,0.049360000000,   0.00600,
,,,0.049362000000,   0.01000,
,,,0.049364000000,   0.01400,
,,,0.049366000000,   0.00000,
,,,0.049368000000,   0.00000,
,,,0.049370000000,   0.00400,
,,,0.049372000000,  -0.00200,
,,,0.049374000000,   0.01600,
,,,0.049376000000,   0.01000,
,,,0.049378000000,   0.00200,
,,,0.049380000000,   0.03200,
,,,0.049382000000,   0.04000,
,,,0.049384000000,   0.03400,
,,,0.049386000000,  -0.00400,
,,,0.049388000000,   0.00400,
,,,0.049390000000,  -0.00400,
,,,0.049392000000,   0.01200,
,,,0.049394000000,   0.00200,
,,,0.049396000000,   0.01200,
,,,0.049398000000,   0.02200,
,,,0.049400000000,   0.00800,
,,,0.049402000000,  -0.03200,
,,,0.049404000000,   0.00600,
,,,0.049406000000,  -0.00400,
,,,0.049408000000,  -0.00400,
,,,0.049410000000,   0.03200,
,,,0.049412000000,   0.04600,
,,,0.049414000000,   0.01000,
,,,0.049416000000,   0.00200,
,,,0.049418000000,  -0.00200,
,,,0.049420000000,  -0.01800,
,,,0.049422000000,   0.01400,
,,,0.049424000000,   0.01000,
,,,0.049426000000,  -0.01000,
,,,0.049428000000,   0.01400,
,,,0.049430000000,   0.00600,
,,,0.049432000000,  -0.00200,
,,,0.049434000000,   0.02200,
,,,0.049436000000,   0.01600,
,,,0.049438000000,  -0.00400,
,,,0.049440000000,   0.00000,
,,,0.049442000000,   0.00600,
,,,0.049444000000,  -0.00200,
,,,0.049446000000,   0.00400,
,,,0.049448000000,  -0.00400,
,,,0.049450000000,   0.00200,
,,,0.049452000000,   0.02600,
,,,0.049454000000,   0.02200,
,,,0.049456000000,  -0.01000,
,,,0.049458000000,   0.00800,
,,,0.049460000000,   0.01000,
,,,0.049462000000,   0.02200,
,,,0.049464000000,   0.02400,
,,,0.049466000000,   0.00600,
,,,0.049468000000,  -0.01200,
,,,0.049470000000,   0.02400,
,,,0.049472000000,   0.03800,
,,,0.049474000000,   0.00200,
,,,0.049476000000,   0.00800,
,,,0.049478000000,  -0.00400,
,,,0.049480000000,  -0.00600,
,,,0.049482000000,   0.01000,
,,,0.049484000000,   0.01000,
,,,0.049486000000,   0.00800,
,,,0.049488000000,   0.01600,
,,,0.049490000000,   0.00000,
,,,0.049492000000,   0.03400,
,,,0.049494000000,   0.00000,
,,,0.049496000000,   0.00600,
,,,0.049498000000,  -0.00600,
,,,0.049500000000,  -0.01000,
,,,0.049502000000,   0.00800,
,,,0.049504000000,   0.01600,
,,,0.049506000000,   0.00200,
,,,0.049508000000,  -0.00400,
,,,0.049510000000,   0.05200,
,,,0.049512000000,   0.04200,
,,,0.049514000000,   0.04400,
,,,0.049516000000,   0.03400,
,,,0.049518000000,   0.01400,
,,,0.049520000000,   0.01600,
,,,0.049522000000,   0.01600,
,,,0.049524000000,  -0.01600,
,,,0.049526000000,   0.00000,
,,,0.049528000000,   0.02600,
,,,0.049530000000,   0.01000,
,,,0.049532000000,   0.01800,
,,,0.049534000000,   0.02000,
,,,0.049536000000,  -0.00800,
,,,0.049538000000,   0.01400,
,,,0.049540000000,   0.04000,
,,,0.049542000000,   0.00800,
,,,0.049544000000,  -0.01400,
,,,0.049546000000,  -0.02000,
,,,0.049548000000,  -0.00200,
,,,0.049550000000,   0.02600,
,,,0.049552000000,   0.01200,
,,,0.049554000000,  -0.00200,
,,,0.049556000000,   0.00400,
,,,0.049558000000,   0.01600,
,,,0.049560000000,   0.02200,
,,,0.049562000000,   0.04600,
,,,0.049564000000,   0.03800,
,,,0.049566000000,   0.01800,
,,,0.049568000000,   0.03200,
,,,0.049570000000,   0.00400,
,,,0.049572000000,  -0.00600,
,,,0.049574000000,  -0.02000,
,,,0.049576000000,   0.00600,
,,,0.049578000000,   0.01600,
,,,0.049580000000,   0.01200,
,,,0.049582000000,  -0.01600,
,,,0.049584000000,  -0.01600,
,,,0.049586000000,   0.00800,
,,,0.049588000000,   0.03800,
,,,0.049590000000,   0.01600,
,,,0.049592000000,   0.02000,
,,,0.049594000000,  -0.00200,
,,,0.049596000000,   0.00000,
,,,0.049598000000,   0.01200,
,,,0.049600000000,   0.00400,
,,,0.049602000000,   0.01600,
,,,0.049604000000,   0.02600,
,,,0.049606000000,  -0.00200,
,,,0.049608000000,  -0.01200,
,,,0.049610000000,   0.00000,
,,,0.049612000000,   0.00600,
,,,0.049614000000,  -0.01000,
,,,0.049616000000,   0.01800,
,,,0.049618000000,   0.02400,
,,,0.049620000000,   0.00400,
,,,0.049622000000,  -0.01800,
,,,0.049624000000,  -0.01000,
,,,0.049626000000,  -0.00400,
,,,0.049628000000,   0.01800,
,,,0.049630000000,   0.01200,
,,,0.049632000000,   0.03000,
,,,0.049634000000,   0.01600,
,,,0.049636000000,   0.01000,
,,,0.049638000000,  -0.02800,
,,,0.049640000000,  -0.01200,
,,,0.049642000000,   0.01200,
,,,0.049644000000,   0.04000,
,,,0.049646000000,   0.02800,
,,,0.049648000000,   0.00000,
,,,0.049650000000,   0.00600,
,,,0.049652000000,   0.01200,
,,,0.049654000000,  -0.00400,
,,,0.049656000000,   0.00800,
,,,0.049658000000,   0.00400,
,,,0.049660000000,   0.01000,
,,,0.049662000000,  -0.00800,
,,,0.049664000000,  -0.00200,
,,,0.049666000000,   0.00600,
,,,0.049668000000,  -0.01400,
,,,0.049670000000,  -0.01200,
,,,0.049672000000,  -0.01400,
,,,0.049674000000,  -0.01000,
,,,0.049676000000,   0.01200,
,,,0.049678000000,   0.03200,
,,,0.049680000000,   0.03000,
,,,0.049682000000,   0.01200,
,,,0.049684000000,   0.02800,
,,,0.049686000000,   0.00600,
,,,0.049688000000,   0.00600,
,,,0.049690000000,   0.02200,
,,,0.049692000000,   0.02200,
,,,0.049694000000,   0.01800,
,,,0.049696000000,   0.00200,
,,,0.049698000000,   0.00200,
,,,0.049700000000,   0.02800,
,,,0.049702000000,   0.03600,
,,,0.049704000000,   0.00800,
,,,0.049706000000,   0.01600,
,,,0.049708000000,   0.02400,
,,,0.049710000000,  -0.00200,
,,,0.049712000000,   0.00000,
,,,0.049714000000,   0.02800,
,,,0.049716000000,   0.01200,
,,,0.049718000000,   0.00000,
,,,0.049720000000,   0.00400,
,,,0.049722000000,  -0.00400,
,,,0.049724000000,  -0.03600,
,,,0.049726000000,   0.01600,
,,,0.049728000000,   0.01800,
,,,0.049730000000,  -0.00200,
,,,0.049732000000,  -0.00600,
,,,0.049734000000,   0.00200,
,,,0.049736000000,   0.00800,
,,,0.049738000000,  -0.00600,
,,,0.049740000000,   0.02400,
,,,0.049742000000,   0.00400,
,,,0.049744000000,   0.01200,
,,,0.049746000000,   0.03400,
,,,0.049748000000,   0.00800,
,,,0.049750000000,   0.02200,
,,,0.049752000000,   0.02000,
,,,0.049754000000,   0.02000,
,,,0.049756000000,   0.02200,
,,,0.049758000000,  -0.01000,
,,,0.049760000000,   0.01800,
,,,0.049762000000,   0.00200,
,,,0.049764000000,  -0.00800,
,,,0.049766000000,   0.00600,
,,,0.049768000000,   0.01400,
,,,0.049770000000,   0.02800,
,,,0.049772000000,   0.01600,
,,,0.049774000000,   0.01400,
,,,0.049776000000,   0.01200,
,,,0.049778000000,   0.01400,
,,,0.049780000000,   0.03200,
,,,0.049782000000,   0.00600,
,,,0.049784000000,  -0.02000,
,,,0.049786000000,   0.01400,
,,,0.049788000000,   0.02000,
,,,0.049790000000,   0.01600,
,,,0.049792000000,   0.00400,
,,,0.049794000000,  -0.00600,
,,,0.049796000000,   0.02600,
,,,0.049798000000,   0.00600,
,,,0.049800000000,  -0.01000,
,,,0.049802000000,   0.02000,
,,,0.049804000000,   0.00000,
,,,0.049806000000,   0.00000,
,,,0.049808000000,   0.01200,
,,,0.049810000000,   0.00800,
,,,0.049812000000,   0.00800,
,,,0.049814000000,  -0.00400,
,,,0.049816000000,  -0.01200,
,,,0.049818000000,  -0.02000,
,,,0.049820000000,   0.00600,
,,,0.049822000000,  -0.02200,
,,,0.049824000000,   0.00200,
,,,0.049826000000,   0.02200,
,,,0.049828000000,   0.01600,
,,,0.049830000000,   0.01800,
,,,0.049832000000,   0.03400,
,,,0.049834000000,   0.02600,
,,,0.049836000000,   0.02400,
,,,0.049838000000,   0.02200,
,,,0.049840000000,   0.03200,
,,,0.049842000000,   0.00600,
,,,0.049844000000,   0.00200,
,,,0.049846000000,   0.02200,
,,,0.049848000000,  -0.00200,
,,,0.049850000000,  -0.01600,
,,,0.049852000000,   0.00000,
,,,0.049854000000,  -0.01000,
,,,0.049856000000,   0.02000,
,,,0.049858000000,   0.01800,
,,,0.049860000000,  -0.00800,
,,,0.049862000000,  -0.00600,
,,,0.049864000000,   0.03200,
,,,0.049866000000,   0.03800,
,,,0.049868000000,   0.01200,
,,,0.049870000000,   0.00000,
,,,0.049872000000,   0.00400,
,,,0.049874000000,   0.01400,
,,,0.049876000000,   0.00800,
,,,0.049878000000,   0.00000,
,,,0.049880000000,   0.03600,
,,,0.049882000000,   0.02200,
,,,0.049884000000,   0.00400,
,,,0.049886000000,   0.00200,
,,,0.049888000000,   0.00000,
,,,0.049890000000,  -0.02000,
,,,0.049892000000,   0.00400,
,,,0.049894000000,   0.02800,
,,,0.049896000000,  -0.00200,
,,,0.049898000000,  -0.02600,
,,,0.049900000000,   0.01400,
,,,0.049902000000,   0.02600,
,,,0.049904000000,   0.01000,
,,,0.049906000000,   0.00600,
,,,0.049908000000,   0.01800,
,,,0.049910000000,   0.03400,
,,,0.049912000000,   0.02200,
,,,0.049914000000,   0.01000,
,,,0.049916000000,  -0.00200,
,,,0.049918000000,   0.02200,
,,,0.049920000000,   0.01000,
,,,0.049922000000,   0.00200,
,,,0.049924000000,   0.02800,
,,,0.049926000000,   0.03800,
,,,0.049928000000,   0.02000,
,,,0.049930000000,   0.01400,
,,,0.049932000000,   0.00800,
,,,0.049934000000,   0.02200,
,,,0.049936000000,   0.01400,
,,,0.049938000000,   0.00800,
,,,0.049940000000,   0.02200,
,,,0.049942000000,   0.00800,
,,,0.049944000000,   0.01400,
,,,0.049946000000,  -0.01200,
,,,0.049948000000,  -0.01600,
,,,0.049950000000,  -0.00400,
,,,0.049952000000,   0.01200,
,,,0.049954000000,   0.02400,
,,,0.049956000000,   0.01600,
,,,0.049958000000,  -0.00800,
,,,0.049960000000,   0.02000,
,,,0.049962000000,   0.01200,
,,,0.049964000000,   0.01600,
,,,0.049966000000,   0.03200,
,,,0.049968000000,   0.00000,
,,,0.049970000000,  -0.00600,
,,,0.049972000000,  -0.01600,
,,,0.049974000000,  -0.01000,
,,,0.049976000000,   0.02200,
,,,0.049978000000,   0.00800,
,,,0.049980000000,   0.01800,
,,,0.049982000000,   0.02000,
,,,0.049984000000,   0.01400,
,,,0.049986000000,   0.00400,
,,,0.049988000000,   0.00000,
,,,0.049990000000,   0.00800,
,,,0.049992000000,   0.02000,
,,,0.049994000000,   0.00200,
,,,0.049996000000,   0.01400,
,,,0.049998000000,   0.02000,
,,,0.050000000000,  -0.00600,
,,,0.050002000000,   0.00600,
,,,0.050004000000,   0.01600,
,,,0.050006000000,   0.01800,
,,,0.050008000000,   0.01400,
,,,0.050010000000,   0.00400,
,,,0.050012000000,   0.02200,
,,,0.050014000000,   0.01800,
,,,0.050016000000,   0.01200,
,,,0.050018000000,  -0.02200,
,,,0.050020000000,  -0.01200,
,,,0.050022000000,  -0.01000,
,,,0.050024000000,  -0.01800,
,,,0.050026000000,  -0.01400,
,,,0.050028000000,   0.02000,
,,,0.050030000000,   0.01400,
,,,0.050032000000,   0.03000,
,,,0.050034000000,   0.03600,
,,,0.050036000000,   0.01600,
,,,0.050038000000,  -0.00600,
,,,0.050040000000,   0.00000,
,,,0.050042000000,   0.02600,
,,,0.050044000000,   0.02200,
,,,0.050046000000,   0.02400,
,,,0.050048000000,   0.00800,
,,,0.050050000000,  -0.01600,
,,,0.050052000000,   0.01600,
,,,0.050054000000,   0.03200,
,,,0.050056000000,   0.02400,
,,,0.050058000000,   0.03200,
,,,0.050060000000,   0.03400,
,,,0.050062000000,   0.00400,
,,,0.050064000000,  -0.03000,
,,,0.050066000000,   0.00400,
,,,0.050068000000,   0.01200,
,,,0.050070000000,   0.01600,
,,,0.050072000000,  -0.00800,
,,,0.050074000000,  -0.00200,
,,,0.050076000000,  -0.00200,
,,,0.050078000000,   0.01600,
,,,0.050080000000,   0.01400,
,,,0.050082000000,  -0.01800,
,,,0.050084000000,   0.00200,
,,,0.050086000000,   0.01200,
,,,0.050088000000,   0.00200,
,,,0.050090000000,  -0.00600,
,,,0.050092000000,   0.01200,
,,,0.050094000000,   0.00600,
,,,0.050096000000,   0.01200,
,,,0.050098000000,   0.03400,
,,,0.050100000000,   0.04000,
,,,0.050102000000,   0.02600,
,,,0.050104000000,   0.02200,
,,,0.050106000000,  -0.01400,
,,,0.050108000000,   0.01000,
,,,0.050110000000,   0.03000,
,,,0.050112000000,   0.01400,
,,,0.050114000000,   0.02200,
,,,0.050116000000,   0.02000,
,,,0.050118000000,   0.02400,
,,,0.050120000000,   0.02600,
,,,0.050122000000,   0.01800,
,,,0.050124000000,   0.02200,
,,,0.050126000000,   0.04200,
,,,0.050128000000,   0.02000,
,,,0.050130000000,   0.00200,
,,,0.050132000000,   0.00600,
,,,0.050134000000,  -0.00200,
,,,0.050136000000,   0.03200,
,,,0.050138000000,   0.02200,
,,,0.050140000000,   0.02400,
,,,0.050142000000,   0.02200,
,,,0.050144000000,  -0.00400,
,,,0.050146000000,  -0.01000,
,,,0.050148000000,  -0.00800,
,,,0.050150000000,   0.01200,
,,,0.050152000000,   0.04800,
,,,0.050154000000,   0.02600,
,,,0.050156000000,   0.00200,
,,,0.050158000000,   0.00200,
,,,0.050160000000,  -0.01000,
,,,0.050162000000,   0.02000,
,,,0.050164000000,   0.02400,
,,,0.050166000000,   0.01800,
,,,0.050168000000,   0.01000,
,,,0.050170000000,  -0.00200,
,,,0.050172000000,   0.01800,
,,,0.050174000000,   0.02600,
,,,0.050176000000,   0.01400,
,,,0.050178000000,  -0.00600,
,,,0.050180000000,  -0.02000,
,,,0.050182000000,   0.00200,
,,,0.050184000000,   0.00400,
,,,0.050186000000,   0.01000,
,,,0.050188000000,   0.02800,
,,,0.050190000000,   0.01200,
,,,0.050192000000,   0.01200,
,,,0.050194000000,   0.00000,
,,,0.050196000000,  -0.00800,
,,,0.050198000000,   0.02400,
,,,0.050200000000,   0.02400,
,,,0.050202000000,   0.02800,
,,,0.050204000000,   0.02600,
,,,0.050206000000,   0.01800,
,,,0.050208000000,   0.02800,
,,,0.050210000000,   0.05400,
,,,0.050212000000,   0.02400,
,,,0.050214000000,   0.01000,
,,,0.050216000000,   0.00600,
,,,0.050218000000,   0.01400,
,,,0.050220000000,   0.00800,
,,,0.050222000000,  -0.00400,
,,,0.050224000000,   0.02800,
,,,0.050226000000,   0.01400,
,,,0.050228000000,   0.02600,
,,,0.050230000000,   0.01400,
,,,0.050232000000,   0.01000,
,,,0.050234000000,  -0.00800,
,,,0.050236000000,   0.01200,
,,,0.050238000000,   0.03000,
,,,0.050240000000,   0.00600,
,,,0.050242000000,   0.00400,
,,,0.050244000000,   0.02600,
,,,0.050246000000,   0.01200,
,,,0.050248000000,   0.02400,
,,,0.050250000000,   0.02000,
,,,0.050252000000,   0.02400,
,,,0.050254000000,   0.01400,
,,,0.050256000000,   0.03000,
,,,0.050258000000,   0.00200,
,,,0.050260000000,   0.01800,
,,,0.050262000000,   0.01000,
,,,0.050264000000,   0.02000,
,,,0.050266000000,   0.00400,
,,,0.050268000000,  -0.00600,
,,,0.050270000000,   0.02600,
,,,0.050272000000,   0.02400,
,,,0.050274000000,   0.01600,
,,,0.050276000000,  -0.03000,
,,,0.050278000000,  -0.01200,
,,,0.050280000000,   0.01600,
,,,0.050282000000,   0.00800,
,,,0.050284000000,   0.02200,
,,,0.050286000000,   0.01600,
,,,0.050288000000,   0.02600,
,,,0.050290000000,   0.01000,
,,,0.050292000000,   0.05000,
,,,0.050294000000,   0.02200,
,,,0.050296000000,   0.00400,
,,,0.050298000000,   0.02800,
,,,0.050300000000,   0.03000,
,,,0.050302000000,   0.02800,
,,,0.050304000000,   0.03400,
,,,0.050306000000,   0.01400,
,,,0.050308000000,  -0.01200,
,,,0.050310000000,   0.02800,
,,,0.050312000000,   0.00800,
,,,0.050314000000,   0.00800,
,,,0.050316000000,   0.01800,
,,,0.050318000000,   0.00000,
,,,0.050320000000,   0.01000,
,,,0.050322000000,   0.01600,
,,,0.050324000000,   0.03800,
,,,0.050326000000,  -0.00200,
,,,0.050328000000,   0.00000,
,,,0.050330000000,  -0.01600,
,,,0.050332000000,   0.02000,
,,,0.050334000000,   0.01400,
,,,0.050336000000,  -0.00200,
,,,0.050338000000,   0.00600,
,,,0.050340000000,   0.01400,
,,,0.050342000000,   0.02400,
,,,0.050344000000,   0.03800,
,,,0.050346000000,   0.01800,
,,,0.050348000000,   0.02800,
,,,0.050350000000,   0.01600,
,,,0.050352000000,   0.01800,
,,,0.050354000000,   0.01000,
,,,0.050356000000,  -0.01800,
,,,0.050358000000,   0.00400,
,,,0.050360000000,   0.02600,
,,,0.050362000000,   0.02200,
,,,0.050364000000,   0.01400,
,,,0.050366000000,   0.02600,
,,,0.050368000000,   0.03400,
,,,0.050370000000,   0.01400,
,,,0.050372000000,  -0.00200,
,,,0.050374000000,   0.02600,
,,,0.050376000000,   0.01400,
,,,0.050378000000,   0.01400,
,,,0.050380000000,  -0.01400,
,,,0.050382000000,   0.00400,
,,,0.050384000000,   0.02400,
,,,0.050386000000,   0.04200,
,,,0.050388000000,   0.01400,
,,,0.050390000000,  -0.00400,
,,,0.050392000000,   0.03000,
,,,0.050394000000,   0.00800,
,,,0.050396000000,   0.00800,
,,,0.050398000000,  -0.00600,
,,,0.050400000000,   0.03000,
,,,0.050402000000,   0.01200,
,,,0.050404000000,   0.00000,
,,,0.050406000000,   0.00600,
,,,0.050408000000,   0.02600,
,,,0.050410000000,   0.00400,
,,,0.050412000000,   0.03400,
,,,0.050414000000,   0.01800,
,,,0.050416000000,   0.00400,
,,,0.050418000000,   0.01200,
,,,0.050420000000,   0.02400,
,,,0.050422000000,   0.03200,
,,,0.050424000000,   0.00200,
,,,0.050426000000,   0.00000,
,,,0.050428000000,   0.01200,
,,,0.050430000000,  -0.00800,
,,,0.050432000000,  -0.00400,
,,,0.050434000000,   0.01200,
,,,0.050436000000,   0.01400,
,,,0.050438000000,   0.01600,
,,,0.050440000000,   0.00600,
,,,0.050442000000,  -0.01000,
,,,0.050444000000,   0.02400,
,,,0.050446000000,   0.05400,
,,,0.050448000000,   0.00800,
,,,0.050450000000,   0.01000,
,,,0.050452000000,   0.02600,
,,,0.050454000000,   0.04000,
,,,0.050456000000,   0.02000,
,,,0.050458000000,   0.01400,
,,,0.050460000000,   0.01400,
,,,0.050462000000,  -0.00800,
,,,0.050464000000,   0.00800,
,,,0.050466000000,   0.00400,
,,,0.050468000000,   0.01400,
,,,0.050470000000,   0.00400,
,,,0.050472000000,   0.00800,
,,,0.050474000000,   0.02200,
,,,0.050476000000,   0.01600,
,,,0.050478000000,   0.00600,
,,,0.050480000000,  -0.00200,
,,,0.050482000000,   0.00400,
,,,0.050484000000,   0.02400,
,,,0.050486000000,   0.02800,
,,,0.050488000000,  -0.00600,
,,,0.050490000000,  -0.00400,
,,,0.050492000000,   0.01400,
,,,0.050494000000,   0.01400,
,,,0.050496000000,   0.00000,
,,,0.050498000000,   0.03200,
