Record Length,2.500000e+03,,  -0.001910700000,   0.50400,
Sample Interval,9.900000e-07,,  -0.001909710000,   0.50400,
Trigger Point,1.930000000000e+03,,  -0.001908720000,   0.51200,
,,,  -0.001907730000,   0.50400,
,,,  -0.001906740000,   0.51200,
,,,  -0.001905750000,   0.51200,
Source,CH1,,  -0.001904760000,   0.51200,
Vertical Units,V,,  -0.001903770000,   0.51200,
Vertical Scale,2.000000e-01,,  -0.001902780000,   0.50400,
Vertical Offset,0.000000e+00,,  -0.001901790000,   0.51200,
Horizontal Units,s,,  -0.001900800000,   0.51200,
Horizontal Scale,2.475000e-04,,  -0.001899810000,   0.50400,
Pt Fmt,Y,,  -0.001898820000,   0.51200,
Yzero,0.000000e+00,,  -0.001897830000,   0.51200,
Probe Atten,1.000000e+00,,  -0.001896840000,   0.51200,
Model Number,TBS1052B-EDU,,  -0.001895850000,   0.51200,
Serial Number,C050624,,  -0.001894860000,   0.50400,
Firmware Version,FV:v4.06,,  -0.001893870000,   0.51200,
,,,-00.001892880000,   0.50400,
,,,-00.001891890000,   0.51200,
,,,-00.001890900000,   0.51200,
,,,-00.001889910000,   0.51200,
,,,-00.001888920000,   0.51200,
,,,-00.001887930000,   0.51200,
,,,-00.001886940000,   0.51200,
,,,-00.001885950000,   0.50400,
,,,-00.001884960000,   0.51200,
,,,-00.001883970000,   0.51200,
,,,-00.001882980000,   0.50400,
,,,-00.001881990000,   0.51200,
,,,-00.001881000000,   0.51200,
,,,-00.001880010000,   0.50400,
,,,-00.001879020000,   0.51200,
,,,-00.001878030000,   0.51200,
,,,-00.001877040000,   0.51200,
,,,-00.001876050000,   0.50400,
,,,-00.001875060000,   0.51200,
,,,-00.001874070000,   0.51200,
,,,-00.001873080000,   0.50400,
,,,-00.001872090000,   0.51200,
,,,-00.001871100000,   0.51200,
,,,-00.001870110000,   0.51200,
,,,-00.001869120000,   0.51200,
,,,-00.001868130000,   0.51200,
,,,-00.001867140000,   0.51200,
,,,-00.001866150000,   0.50400,
,,,-00.001865160000,   0.50400,
,,,-00.001864170000,   0.50400,
,,,-00.001863180000,   0.51200,
,,,-00.001862190000,   0.50400,
,,,-00.001861200000,   0.51200,
,,,-00.001860210000,   0.50400,
,,,-00.001859220000,   0.51200,
,,,-00.001858230000,   0.51200,
,,,-00.001857240000,   0.51200,
,,,-00.001856250000,   0.51200,
,,,-00.001855260000,   0.51200,
,,,-00.001854270000,   0.51200,
,,,-00.001853280000,   0.51200,
,,,-00.001852290000,   0.51200,
,,,-00.001851300000,   0.51200,
,,,-00.001850310000,   0.51200,
,,,-00.001849320000,   0.50400,
,,,-00.001848330000,   0.51200,
,,,-00.001847340000,   0.51200,
,,,-00.001846350000,   0.50400,
,,,-00.001845360000,   0.51200,
,,,-00.001844370000,   0.50400,
,,,-00.001843380000,   0.50400,
,,,-00.001842390000,   0.51200,
,,,-00.001841400000,   0.51200,
,,,-00.001840410000,   0.51200,
,,,-00.001839420000,   0.51200,
,,,-00.001838430000,   0.51200,
,,,-00.001837440000,   0.51200,
,,,-00.001836450000,   0.51200,
,,,-00.001835460000,   0.51200,
,,,-00.001834470000,   0.50400,
,,,-00.001833480000,   0.51200,
,,,-00.001832490000,   0.51200,
,,,-00.001831500000,   0.51200,
,,,-00.001830510000,   0.51200,
,,,-00.001829520000,   0.51200,
,,,-00.001828530000,   0.51200,
,,,-00.001827540000,   0.50400,
,,,-00.001826550000,   0.51200,
,,,-00.001825560000,   0.50400,
,,,-00.001824570000,   0.51200,
,,,-00.001823580000,   0.50400,
,,,-00.001822590000,   0.51200,
,,,-00.001821600000,   0.51200,
,,,-00.001820610000,   0.50400,
,,,-00.001819620000,   0.51200,
,,,-00.001818630000,   0.51200,
,,,-00.001817640000,   0.51200,
,,,-00.001816650000,   0.51200,
,,,-00.001815660000,   0.51200,
,,,-00.001814670000,   0.50400,
,,,-00.001813680000,   0.51200,
,,,-00.001812690000,   0.51200,
,,,-00.001811700000,   0.51200,
,,,-00.001810710000,   0.50400,
,,,-00.001809720000,   0.51200,
,,,-00.001808730000,   0.51200,
,,,-00.001807740000,   0.51200,
,,,-00.001806750000,   0.50400,
,,,-00.001805760000,   0.51200,
,,,-00.001804770000,   0.51200,
,,,-00.001803780000,   0.51200,
,,,-00.001802790000,   0.51200,
,,,-00.001801800000,   0.50400,
,,,-00.001800810000,   0.51200,
,,,-00.001799820000,   0.51200,
,,,-00.001798830000,   0.51200,
,,,-00.001797840000,   0.51200,
,,,-00.001796850000,   0.51200,
,,,-00.001795860000,   0.51200,
,,,-00.001794870000,   0.51200,
,,,-00.001793880000,   0.51200,
,,,-00.001792890000,   0.51200,
,,,-00.001791900000,   0.51200,
,,,-00.001790910000,   0.50400,
,,,-00.001789920000,   0.51200,
,,,-00.001788930000,   0.51200,
,,,-00.001787940000,   0.51200,
,,,-00.001786950000,   0.50400,
,,,-00.001785960000,   0.51200,
,,,-00.001784970000,   0.50400,
,,,-00.001783980000,   0.50400,
,,,-00.001782990000,   0.51200,
,,,-00.001782000000,   0.51200,
,,,-00.001781010000,   0.51200,
,,,-00.001780020000,   0.51200,
,,,-00.001779030000,   0.51200,
,,,-00.001778040000,   0.51200,
,,,-00.001777050000,   0.51200,
,,,-00.001776060000,   0.51200,
,,,-00.001775070000,   0.51200,
,,,-00.001774080000,   0.50400,
,,,-00.001773090000,   0.51200,
,,,-00.001772100000,   0.51200,
,,,-00.001771110000,   0.51200,
,,,-00.001770120000,   0.51200,
,,,-00.001769130000,   0.51200,
,,,-00.001768140000,   0.51200,
,,,-00.001767150000,   0.51200,
,,,-00.001766160000,   0.51200,
,,,-00.001765170000,   0.51200,
,,,-00.001764180000,   0.51200,
,,,-00.001763190000,   0.51200,
,,,-00.001762200000,   0.51200,
,,,-00.001761210000,   0.51200,
,,,-00.001760220000,   0.51200,
,,,-00.001759230000,   0.50400,
,,,-00.001758240000,   0.51200,
,,,-00.001757250000,   0.51200,
,,,-00.001756260000,   0.51200,
,,,-00.001755270000,   0.51200,
,,,-00.001754280000,   0.51200,
,,,-00.001753290000,   0.51200,
,,,-00.001752300000,   0.50400,
,,,-00.001751310000,   0.51200,
,,,-00.001750320000,   0.51200,
,,,-00.001749330000,   0.51200,
,,,-00.001748340000,   0.51200,
,,,-00.001747350000,   0.51200,
,,,-00.001746360000,   0.51200,
,,,-00.001745370000,   0.51200,
,,,-00.001744380000,   0.51200,
,,,-00.001743390000,   0.51200,
,,,-00.001742400000,   0.51200,
,,,-00.001741410000,   0.51200,
,,,-00.001740420000,   0.51200,
,,,-00.001739430000,   0.51200,
,,,-00.001738440000,   0.51200,
,,,-00.001737450000,   0.51200,
,,,-00.001736460000,   0.51200,
,,,-00.001735470000,   0.51200,
,,,-00.001734480000,   0.51200,
,,,-00.001733490000,   0.51200,
,,,-00.001732500000,   0.51200,
,,,-00.001731510000,   0.51200,
,,,-00.001730520000,   0.51200,
,,,-00.001729530000,   0.50400,
,,,-00.001728540000,   0.51200,
,,,-00.001727550000,   0.50400,
,,,-00.001726560000,   0.51200,
,,,-00.001725570000,   0.51200,
,,,-00.001724580000,   0.51200,
,,,-00.001723590000,   0.51200,
,,,-00.001722600000,   0.51200,
,,,-00.001721610000,   0.51200,
,,,-00.001720620000,   0.51200,
,,,-00.001719630000,   0.51200,
,,,-00.001718640000,   0.51200,
,,,-00.001717650000,   0.51200,
,,,-00.001716660000,   0.51200,
,,,-00.001715670000,   0.51200,
,,,-00.001714680000,   0.50400,
,,,-00.001713690000,   0.51200,
,,,-00.001712700000,   0.51200,
,,,-00.001711710000,   0.51200,
,,,-00.001710720000,   0.51200,
,,,-00.001709730000,   0.51200,
,,,-00.001708740000,   0.51200,
,,,-00.001707750000,   0.51200,
,,,-00.001706760000,   0.51200,
,,,-00.001705770000,   0.51200,
,,,-00.001704780000,   0.51200,
,,,-00.001703790000,   0.51200,
,,,-00.001702800000,   0.51200,
,,,-00.001701810000,   0.51200,
,,,-00.001700820000,   0.51200,
,,,-00.001699830000,   0.51200,
,,,-00.001698840000,   0.51200,
,,,-00.001697850000,   0.51200,
,,,-00.001696860000,   0.51200,
,,,-00.001695870000,   0.51200,
,,,-00.001694880000,   0.51200,
,,,-00.001693890000,   0.51200,
,,,-00.001692900000,   0.51200,
,,,-00.001691910000,   0.51200,
,,,-00.001690920000,   0.51200,
,,,-00.001689930000,   0.50400,
,,,-00.001688940000,   0.51200,
,,,-00.001687950000,   0.51200,
,,,-00.001686960000,   0.50400,
,,,-00.001685970000,   0.51200,
,,,-00.001684980000,   0.51200,
,,,-00.001683990000,   0.51200,
,,,-00.001683000000,   0.50400,
,,,-00.001682010000,   0.51200,
,,,-00.001681020000,   0.51200,
,,,-00.001680030000,   0.51200,
,,,-00.001679040000,   0.50400,
,,,-00.001678050000,   0.51200,
,,,-00.001677060000,   0.51200,
,,,-00.001676070000,   0.50400,
,,,-00.001675080000,   0.51200,
,,,-00.001674090000,   0.51200,
,,,-00.001673100000,   0.51200,
,,,-00.001672110000,   0.51200,
,,,-00.001671120000,   0.51200,
,,,-00.001670130000,   0.51200,
,,,-00.001669140000,   0.50400,
,,,-00.001668150000,   0.50400,
,,,-00.001667160000,   0.51200,
,,,-00.001666170000,   0.51200,
,,,-00.001665180000,   0.51200,
,,,-00.001664190000,   0.51200,
,,,-00.001663200000,   0.51200,
,,,-00.001662210000,   0.50400,
,,,-00.001661220000,   0.50400,
,,,-00.001660230000,   0.51200,
,,,-00.001659240000,   0.51200,
,,,-00.001658250000,   0.51200,
,,,-00.001657260000,   0.51200,
,,,-00.001656270000,   0.50400,
,,,-00.001655280000,   0.51200,
,,,-00.001654290000,   0.51200,
,,,-00.001653300000,   0.51200,
,,,-00.001652310000,   0.51200,
,,,-00.001651320000,   0.51200,
,,,-00.001650330000,   0.50400,
,,,-00.001649340000,   0.51200,
,,,-00.001648350000,   0.51200,
,,,-00.001647360000,   0.51200,
,,,-00.001646370000,   0.50400,
,,,-00.001645380000,   0.51200,
,,,-00.001644390000,   0.51200,
,,,-00.001643400000,   0.50400,
,,,-00.001642410000,   0.51200,
,,,-00.001641420000,   0.51200,
,,,-00.001640430000,   0.51200,
,,,-00.001639440000,   0.51200,
,,,-00.001638450000,   0.51200,
,,,-00.001637460000,   0.51200,
,,,-00.001636470000,   0.51200,
,,,-00.001635480000,   0.51200,
,,,-00.001634490000,   0.51200,
,,,-00.001633500000,   0.51200,
,,,-00.001632510000,   0.51200,
,,,-00.001631520000,   0.51200,
,,,-00.001630530000,   0.50400,
,,,-00.001629540000,   0.51200,
,,,-00.001628550000,   0.51200,
,,,-00.001627560000,   0.51200,
,,,-00.001626570000,   0.51200,
,,,-00.001625580000,   0.51200,
,,,-00.001624590000,   0.50400,
,,,-00.001623600000,   0.51200,
,,,-00.001622610000,   0.50400,
,,,-00.001621620000,   0.51200,
,,,-00.001620630000,   0.51200,
,,,-00.001619640000,   0.51200,
,,,-00.001618650000,   0.51200,
,,,-00.001617660000,   0.51200,
,,,-00.001616670000,   0.50400,
,,,-00.001615680000,   0.51200,
,,,-00.001614690000,   0.51200,
,,,-00.001613700000,   0.51200,
,,,-00.001612710000,   0.51200,
,,,-00.001611720000,   0.51200,
,,,-00.001610730000,   0.51200,
,,,-00.001609740000,   0.51200,
,,,-00.001608750000,   0.51200,
,,,-00.001607760000,   0.51200,
,,,-00.001606770000,   0.51200,
,,,-00.001605780000,   0.51200,
,,,-00.001604790000,   0.51200,
,,,-00.001603800000,   0.51200,
,,,-00.001602810000,   0.51200,
,,,-00.001601820000,   0.51200,
,,,-00.001600830000,   0.51200,
,,,-00.001599840000,   0.51200,
,,,-00.001598850000,   0.51200,
,,,-00.001597860000,   0.51200,
,,,-00.001596870000,   0.51200,
,,,-00.001595880000,   0.51200,
,,,-00.001594890000,   0.51200,
,,,-00.001593900000,   0.51200,
,,,-00.001592910000,   0.51200,
,,,-00.001591920000,   0.51200,
,,,-00.001590930000,   0.51200,
,,,-00.001589940000,   0.51200,
,,,-00.001588950000,   0.50400,
,,,-00.001587960000,   0.50400,
,,,-00.001586970000,   0.51200,
,,,-00.001585980000,   0.51200,
,,,-00.001584990000,   0.51200,
,,,-00.001584000000,   0.51200,
,,,-00.001583010000,   0.51200,
,,,-00.001582020000,   0.51200,
,,,-00.001581030000,   0.51200,
,,,-00.001580040000,   0.51200,
,,,-00.001579050000,   0.51200,
,,,-00.001578060000,   0.51200,
,,,-00.001577070000,   0.51200,
,,,-00.001576080000,   0.51200,
,,,-00.001575090000,   0.51200,
,,,-00.001574100000,   0.51200,
,,,-00.001573110000,   0.51200,
,,,-00.001572120000,   0.51200,
,,,-00.001571130000,   0.51200,
,,,-00.001570140000,   0.51200,
,,,-00.001569150000,   0.51200,
,,,-00.001568160000,   0.51200,
,,,-00.001567170000,   0.51200,
,,,-00.001566180000,   0.50400,
,,,-00.001565190000,   0.51200,
,,,-00.001564200000,   0.51200,
,,,-00.001563210000,   0.51200,
,,,-00.001562220000,   0.51200,
,,,-00.001561230000,   0.51200,
,,,-00.001560240000,   0.50400,
,,,-00.001559250000,   0.51200,
,,,-00.001558260000,   0.51200,
,,,-00.001557270000,   0.50400,
,,,-00.001556280000,   0.51200,
,,,-00.001555290000,   0.51200,
,,,-00.001554300000,   0.51200,
,,,-00.001553310000,   0.51200,
,,,-00.001552320000,   0.51200,
,,,-00.001551330000,   0.51200,
,,,-00.001550340000,   0.51200,
,,,-00.001549350000,   0.51200,
,,,-00.001548360000,   0.51200,
,,,-00.001547370000,   0.51200,
,,,-00.001546380000,   0.51200,
,,,-00.001545390000,   0.50400,
,,,-00.001544400000,   0.50400,
,,,-00.001543410000,   0.51200,
,,,-00.001542420000,   0.51200,
,,,-00.001541430000,   0.50400,
,,,-00.001540440000,   0.51200,
,,,-00.001539450000,   0.51200,
,,,-00.001538460000,   0.50400,
,,,-00.001537470000,   0.50400,
,,,-00.001536480000,   0.51200,
,,,-00.001535490000,   0.50400,
,,,-00.001534500000,   0.50400,
,,,-00.001533510000,   0.51200,
,,,-00.001532520000,   0.51200,
,,,-00.001531530000,   0.51200,
,,,-00.001530540000,   0.51200,
,,,-00.001529550000,   0.51200,
,,,-00.001528560000,   0.51200,
,,,-00.001527570000,   0.51200,
,,,-00.001526580000,   0.51200,
,,,-00.001525590000,   0.51200,
,,,-00.001524600000,   0.51200,
,,,-00.001523610000,   0.51200,
,,,-00.001522620000,   0.51200,
,,,-00.001521630000,   0.50400,
,,,-00.001520640000,   0.51200,
,,,-00.001519650000,   0.51200,
,,,-00.001518660000,   0.51200,
,,,-00.001517670000,   0.51200,
,,,-00.001516680000,   0.51200,
,,,-00.001515690000,   0.51200,
,,,-00.001514700000,   0.51200,
,,,-00.001513710000,   0.50400,
,,,-00.001512720000,   0.51200,
,,,-00.001511730000,   0.50400,
,,,-00.001510740000,   0.50400,
,,,-00.001509750000,   0.51200,
,,,-00.001508760000,   0.51200,
,,,-00.001507770000,   0.51200,
,,,-00.001506780000,   0.51200,
,,,-00.001505790000,   0.51200,
,,,-00.001504800000,   0.51200,
,,,-00.001503810000,   0.51200,
,,,-00.001502820000,   0.50400,
,,,-00.001501830000,   0.50400,
,,,-00.001500840000,  -0.48800,
,,,-00.001499850000,  -0.48800,
,,,-00.001498860000,  -0.49600,
,,,-00.001497870000,  -0.49600,
,,,-00.001496880000,  -0.49600,
,,,-00.001495890000,  -0.49600,
,,,-00.001494900000,  -0.49600,
,,,-00.001493910000,  -0.49600,
,,,-00.001492920000,  -0.49600,
,,,-00.001491930000,  -0.49600,
,,,-00.001490940000,  -0.49600,
,,,-00.001489950000,  -0.49600,
,,,-00.001488960000,  -0.49600,
,,,-00.001487970000,  -0.49600,
,,,-00.001486980000,  -0.49600,
,,,-00.001485990000,  -0.49600,
,,,-00.001485000000,  -0.50400,
,,,-00.001484010000,  -0.49600,
,,,-00.001483020000,  -0.49600,
,,,-00.001482030000,  -0.49600,
,,,-00.001481040000,  -0.49600,
,,,-00.001480050000,  -0.50400,
,,,-00.001479060000,  -0.49600,
,,,-00.001478070000,  -0.49600,
,,,-00.001477080000,  -0.49600,
,,,-00.001476090000,  -0.50400,
,,,-00.001475100000,  -0.50400,
,,,-00.001474110000,  -0.50400,
,,,-00.001473120000,  -0.49600,
,,,-00.001472130000,  -0.50400,
,,,-00.001471140000,  -0.49600,
,,,-00.001470150000,  -0.50400,
,,,-00.001469160000,  -0.49600,
,,,-00.001468170000,  -0.50400,
,,,-00.001467180000,  -0.50400,
,,,-00.001466190000,  -0.50400,
,,,-00.001465200000,  -0.50400,
,,,-00.001464210000,  -0.50400,
,,,-00.001463220000,  -0.50400,
,,,-00.001462230000,  -0.50400,
,,,-00.001461240000,  -0.50400,
,,,-00.001460250000,  -0.50400,
,,,-00.001459260000,  -0.50400,
,,,-00.001458270000,  -0.50400,
,,,-00.001457280000,  -0.50400,
,,,-00.001456290000,  -0.50400,
,,,-00.001455300000,  -0.50400,
,,,-00.001454310000,  -0.50400,
,,,-00.001453320000,  -0.50400,
,,,-00.001452330000,  -0.50400,
,,,-00.001451340000,  -0.49600,
,,,-00.001450350000,  -0.50400,
,,,-00.001449360000,  -0.50400,
,,,-00.001448370000,  -0.50400,
,,,-00.001447380000,  -0.50400,
,,,-00.001446390000,  -0.50400,
,,,-00.001445400000,  -0.50400,
,,,-00.001444410000,  -0.50400,
,,,-00.001443420000,  -0.50400,
,,,-00.001442430000,  -0.50400,
,,,-00.001441440000,  -0.50400,
,,,-00.001440450000,  -0.50400,
,,,-00.001439460000,  -0.50400,
,,,-00.001438470000,  -0.50400,
,,,-00.001437480000,  -0.50400,
,,,-00.001436490000,  -0.50400,
,,,-00.001435500000,  -0.50400,
,,,-00.001434510000,  -0.50400,
,,,-00.001433520000,  -0.50400,
,,,-00.001432530000,  -0.50400,
,,,-00.001431540000,  -0.50400,
,,,-00.001430550000,  -0.50400,
,,,-00.001429560000,  -0.50400,
,,,-00.001428570000,  -0.50400,
,,,-00.001427580000,  -0.50400,
,,,-00.001426590000,  -0.50400,
,,,-00.001425600000,  -0.50400,
,,,-00.001424610000,  -0.50400,
,,,-00.001423620000,  -0.50400,
,,,-00.001422630000,  -0.50400,
,,,-00.001421640000,  -0.50400,
,,,-00.001420650000,  -0.50400,
,,,-00.001419660000,  -0.50400,
,,,-00.001418670000,  -0.50400,
,,,-00.001417680000,  -0.50400,
,,,-00.001416690000,  -0.50400,
,,,-00.001415700000,  -0.50400,
,,,-00.001414710000,  -0.50400,
,,,-00.001413720000,  -0.50400,
,,,-00.001412730000,  -0.50400,
,,,-00.001411740000,  -0.50400,
,,,-00.001410750000,  -0.50400,
,,,-00.001409760000,  -0.50400,
,,,-00.001408770000,  -0.50400,
,,,-00.001407780000,  -0.50400,
,,,-00.001406790000,  -0.50400,
,,,-00.001405800000,  -0.50400,
,,,-00.001404810000,  -0.50400,
,,,-00.001403820000,  -0.50400,
,,,-00.001402830000,  -0.50400,
,,,-00.001401840000,  -0.50400,
,,,-00.001400850000,  -0.50400,
,,,-00.001399860000,  -0.50400,
,,,-00.001398870000,  -0.50400,
,,,-00.001397880000,  -0.50400,
,,,-00.001396890000,  -0.50400,
,,,-00.001395900000,  -0.50400,
,,,-00.001394910000,  -0.50400,
,,,-00.001393920000,  -0.50400,
,,,-00.001392930000,  -0.50400,
,,,-00.001391940000,  -0.50400,
,,,-00.001390950000,  -0.50400,
,,,-00.001389960000,  -0.50400,
,,,-00.001388970000,  -0.50400,
,,,-00.001387980000,  -0.50400,
,,,-00.001386990000,  -0.50400,
,,,-00.001386000000,  -0.50400,
,,,-00.001385010000,  -0.51200,
,,,-00.001384020000,  -0.50400,
,,,-00.001383030000,  -0.50400,
,,,-00.001382040000,  -0.50400,
,,,-00.001381050000,  -0.50400,
,,,-00.001380060000,  -0.50400,
,,,-00.001379070000,  -0.50400,
,,,-00.001378080000,  -0.50400,
,,,-00.001377090000,  -0.50400,
,,,-00.001376100000,  -0.50400,
,,,-00.001375110000,  -0.50400,
,,,-00.001374120000,  -0.50400,
,,,-00.001373130000,  -0.51200,
,,,-00.001372140000,  -0.50400,
,,,-00.001371150000,  -0.50400,
,,,-00.001370160000,  -0.50400,
,,,-00.001369170000,  -0.50400,
,,,-00.001368180000,  -0.50400,
,,,-00.001367190000,  -0.50400,
,,,-00.001366200000,  -0.50400,
,,,-00.001365210000,  -0.50400,
,,,-00.001364220000,  -0.50400,
,,,-00.001363230000,  -0.50400,
,,,-00.001362240000,  -0.50400,
,,,-00.001361250000,  -0.50400,
,,,-00.001360260000,  -0.50400,
,,,-00.001359270000,  -0.50400,
,,,-00.001358280000,  -0.50400,
,,,-00.001357290000,  -0.50400,
,,,-00.001356300000,  -0.50400,
,,,-00.001355310000,  -0.50400,
,,,-00.001354320000,  -0.50400,
,,,-00.001353330000,  -0.50400,
,,,-00.001352340000,  -0.50400,
,,,-00.001351350000,  -0.50400,
,,,-00.001350360000,  -0.50400,
,,,-00.001349370000,  -0.50400,
,,,-00.001348380000,  -0.50400,
,,,-00.001347390000,  -0.50400,
,,,-00.001346400000,  -0.51200,
,,,-00.001345410000,  -0.50400,
,,,-00.001344420000,  -0.50400,
,,,-00.001343430000,  -0.50400,
,,,-00.001342440000,  -0.50400,
,,,-00.001341450000,  -0.51200,
,,,-00.001340460000,  -0.50400,
,,,-00.001339470000,  -0.50400,
,,,-00.001338480000,  -0.50400,
,,,-00.001337490000,  -0.50400,
,,,-00.001336500000,  -0.50400,
,,,-00.001335510000,  -0.50400,
,,,-00.001334520000,  -0.51200,
,,,-00.001333530000,  -0.50400,
,,,-00.001332540000,  -0.50400,
,,,-00.001331550000,  -0.50400,
,,,-00.001330560000,  -0.50400,
,,,-00.001329570000,  -0.50400,
,,,-00.001328580000,  -0.50400,
,,,-00.001327590000,  -0.50400,
,,,-00.001326600000,  -0.50400,
,,,-00.001325610000,  -0.50400,
,,,-00.001324620000,  -0.50400,
,,,-00.001323630000,  -0.51200,
,,,-00.001322640000,  -0.50400,
,,,-00.001321650000,  -0.50400,
,,,-00.001320660000,  -0.50400,
,,,-00.001319670000,  -0.50400,
,,,-00.001318680000,  -0.50400,
,,,-00.001317690000,  -0.50400,
,,,-00.001316700000,  -0.51200,
,,,-00.001315710000,  -0.50400,
,,,-00.001314720000,  -0.50400,
,,,-00.001313730000,  -0.50400,
,,,-00.001312740000,  -0.50400,
,,,-00.001311750000,  -0.50400,
,,,-00.001310760000,  -0.50400,
,,,-00.001309770000,  -0.50400,
,,,-00.001308780000,  -0.50400,
,,,-00.001307790000,  -0.50400,
,,,-00.001306800000,  -0.50400,
,,,-00.001305810000,  -0.50400,
,,,-00.001304820000,  -0.50400,
,,,-00.001303830000,  -0.50400,
,,,-00.001302840000,  -0.51200,
,,,-00.001301850000,  -0.50400,
,,,-00.001300860000,  -0.50400,
,,,-00.001299870000,  -0.50400,
,,,-00.001298880000,  -0.50400,
,,,-00.001297890000,  -0.50400,
,,,-00.001296900000,  -0.50400,
,,,-00.001295910000,  -0.51200,
,,,-00.001294920000,  -0.50400,
,,,-00.001293930000,  -0.50400,
,,,-00.001292940000,  -0.50400,
,,,-00.001291950000,  -0.50400,
,,,-00.001290960000,  -0.51200,
,,,-00.001289970000,  -0.50400,
,,,-00.001288980000,  -0.50400,
,,,-00.001287990000,  -0.50400,
,,,-00.001287000000,  -0.50400,
,,,-00.001286010000,  -0.50400,
,,,-00.001285020000,  -0.50400,
,,,-00.001284030000,  -0.51200,
,,,-00.001283040000,  -0.50400,
,,,-00.001282050000,  -0.50400,
,,,-00.001281060000,  -0.50400,
,,,-00.001280070000,  -0.51200,
,,,-00.001279080000,  -0.51200,
,,,-00.001278090000,  -0.50400,
,,,-00.001277100000,  -0.50400,
,,,-00.001276110000,  -0.51200,
,,,-00.001275120000,  -0.50400,
,,,-00.001274130000,  -0.51200,
,,,-00.001273140000,  -0.50400,
,,,-00.001272150000,  -0.50400,
,,,-00.001271160000,  -0.50400,
,,,-00.001270170000,  -0.50400,
,,,-00.001269180000,  -0.50400,
,,,-00.001268190000,  -0.50400,
,,,-00.001267200000,  -0.50400,
,,,-00.001266210000,  -0.50400,
,,,-00.001265220000,  -0.50400,
,,,-00.001264230000,  -0.51200,
,,,-00.001263240000,  -0.50400,
,,,-00.001262250000,  -0.50400,
,,,-00.001261260000,  -0.50400,
,,,-00.001260270000,  -0.50400,
,,,-00.001259280000,  -0.50400,
,,,-00.001258290000,  -0.50400,
,,,-00.001257300000,  -0.50400,
,,,-00.001256310000,  -0.50400,
,,,-00.001255320000,  -0.50400,
,,,-00.001254330000,  -0.50400,
,,,-00.001253340000,  -0.50400,
,,,-00.001252350000,  -0.51200,
,,,-00.001251360000,  -0.50400,
,,,-00.001250370000,  -0.50400,
,,,-00.001249380000,  -0.50400,
,,,-00.001248390000,  -0.51200,
,,,-00.001247400000,  -0.50400,
,,,-00.001246410000,  -0.50400,
,,,-00.001245420000,  -0.50400,
,,,-00.001244430000,  -0.51200,
,,,-00.001243440000,  -0.50400,
,,,-00.001242450000,  -0.51200,
,,,-00.001241460000,  -0.50400,
,,,-00.001240470000,  -0.50400,
,,,-00.001239480000,  -0.51200,
,,,-00.001238490000,  -0.50400,
,,,-00.001237500000,  -0.50400,
,,,-00.001236510000,  -0.50400,
,,,-00.001235520000,  -0.50400,
,,,-00.001234530000,  -0.50400,
,,,-00.001233540000,  -0.50400,
,,,-00.001232550000,  -0.50400,
,,,-00.001231560000,  -0.50400,
,,,-00.001230570000,  -0.50400,
,,,-00.001229580000,  -0.50400,
,,,-00.001228590000,  -0.51200,
,,,-00.001227600000,  -0.50400,
,,,-00.001226610000,  -0.50400,
,,,-00.001225620000,  -0.50400,
,,,-00.001224630000,  -0.50400,
,,,-00.001223640000,  -0.50400,
,,,-00.001222650000,  -0.50400,
,,,-00.001221660000,  -0.51200,
,,,-00.001220670000,  -0.51200,
,,,-00.001219680000,  -0.50400,
,,,-00.001218690000,  -0.51200,
,,,-00.001217700000,  -0.51200,
,,,-00.001216710000,  -0.50400,
,,,-00.001215720000,  -0.50400,
,,,-00.001214730000,  -0.50400,
,,,-00.001213740000,  -0.50400,
,,,-00.001212750000,  -0.51200,
,,,-00.001211760000,  -0.50400,
,,,-00.001210770000,  -0.50400,
,,,-00.001209780000,  -0.50400,
,,,-00.001208790000,  -0.51200,
,,,-00.001207800000,  -0.51200,
,,,-00.001206810000,  -0.51200,
,,,-00.001205820000,  -0.51200,
,,,-00.001204830000,  -0.50400,
,,,-00.001203840000,  -0.50400,
,,,-00.001202850000,  -0.50400,
,,,-00.001201860000,  -0.50400,
,,,-00.001200870000,  -0.50400,
,,,-00.001199880000,  -0.51200,
,,,-00.001198890000,  -0.50400,
,,,-00.001197900000,  -0.50400,
,,,-00.001196910000,  -0.50400,
,,,-00.001195920000,  -0.50400,
,,,-00.001194930000,  -0.50400,
,,,-00.001193940000,  -0.50400,
,,,-00.001192950000,  -0.51200,
,,,-00.001191960000,  -0.50400,
,,,-00.001190970000,  -0.50400,
,,,-00.001189980000,  -0.50400,
,,,-00.001188990000,  -0.50400,
,,,-00.001188000000,  -0.50400,
,,,-00.001187010000,  -0.50400,
,,,-00.001186020000,  -0.51200,
,,,-00.001185030000,  -0.50400,
,,,-00.001184040000,  -0.51200,
,,,-00.001183050000,  -0.50400,
,,,-00.001182060000,  -0.50400,
,,,-00.001181070000,  -0.50400,
,,,-00.001180080000,  -0.50400,
,,,-00.001179090000,  -0.50400,
,,,-00.001178100000,  -0.50400,
,,,-00.001177110000,  -0.50400,
,,,-00.001176120000,  -0.50400,
,,,-00.001175130000,  -0.50400,
,,,-00.001174140000,  -0.50400,
,,,-00.001173150000,  -0.51200,
,,,-00.001172160000,  -0.50400,
,,,-00.001171170000,  -0.50400,
,,,-00.001170180000,  -0.50400,
,,,-00.001169190000,  -0.51200,
,,,-00.001168200000,  -0.50400,
,,,-00.001167210000,  -0.50400,
,,,-00.001166220000,  -0.51200,
,,,-00.001165230000,  -0.51200,
,,,-00.001164240000,  -0.51200,
,,,-00.001163250000,  -0.50400,
,,,-00.001162260000,  -0.50400,
,,,-00.001161270000,  -0.51200,
,,,-00.001160280000,  -0.51200,
,,,-00.001159290000,  -0.50400,
,,,-00.001158300000,  -0.50400,
,,,-00.001157310000,  -0.51200,
,,,-00.001156320000,  -0.50400,
,,,-00.001155330000,  -0.50400,
,,,-00.001154340000,  -0.50400,
,,,-00.001153350000,  -0.50400,
,,,-00.001152360000,  -0.50400,
,,,-00.001151370000,  -0.51200,
,,,-00.001150380000,  -0.50400,
,,,-00.001149390000,  -0.51200,
,,,-00.001148400000,  -0.50400,
,,,-00.001147410000,  -0.50400,
,,,-00.001146420000,  -0.50400,
,,,-00.001145430000,  -0.51200,
,,,-00.001144440000,  -0.50400,
,,,-00.001143450000,  -0.50400,
,,,-00.001142460000,  -0.50400,
,,,-00.001141470000,  -0.51200,
,,,-00.001140480000,  -0.50400,
,,,-00.001139490000,  -0.51200,
,,,-00.001138500000,  -0.51200,
,,,-00.001137510000,  -0.50400,
,,,-00.001136520000,  -0.50400,
,,,-00.001135530000,  -0.50400,
,,,-00.001134540000,  -0.50400,
,,,-00.001133550000,  -0.50400,
,,,-00.001132560000,  -0.50400,
,,,-00.001131570000,  -0.50400,
,,,-00.001130580000,  -0.50400,
,,,-00.001129590000,  -0.50400,
,,,-00.001128600000,  -0.51200,
,,,-00.001127610000,  -0.51200,
,,,-00.001126620000,  -0.50400,
,,,-00.001125630000,  -0.51200,
,,,-00.001124640000,  -0.50400,
,,,-00.001123650000,  -0.51200,
,,,-00.001122660000,  -0.51200,
,,,-00.001121670000,  -0.50400,
,,,-00.001120680000,  -0.51200,
,,,-00.001119690000,  -0.50400,
,,,-00.001118700000,  -0.51200,
,,,-00.001117710000,  -0.51200,
,,,-00.001116720000,  -0.51200,
,,,-00.001115730000,  -0.50400,
,,,-00.001114740000,  -0.51200,
,,,-00.001113750000,  -0.50400,
,,,-00.001112760000,  -0.50400,
,,,-00.001111770000,  -0.50400,
,,,-00.001110780000,  -0.50400,
,,,-00.001109790000,  -0.50400,
,,,-00.001108800000,  -0.50400,
,,,-00.001107810000,  -0.50400,
,,,-00.001106820000,  -0.50400,
,,,-00.001105830000,  -0.51200,
,,,-00.001104840000,  -0.50400,
,,,-00.001103850000,  -0.50400,
,,,-00.001102860000,  -0.51200,
,,,-00.001101870000,  -0.50400,
,,,-00.001100880000,  -0.51200,
,,,-00.001099890000,  -0.50400,
,,,-00.001098900000,  -0.50400,
,,,-00.001097910000,  -0.51200,
,,,-00.001096920000,  -0.50400,
,,,-00.001095930000,  -0.50400,
,,,-00.001094940000,  -0.50400,
,,,-00.001093950000,  -0.50400,
,,,-00.001092960000,  -0.50400,
,,,-00.001091970000,  -0.50400,
,,,-00.001090980000,  -0.50400,
,,,-00.001089990000,  -0.50400,
,,,-00.001089000000,  -0.50400,
,,,-00.001088010000,  -0.50400,
,,,-00.001087020000,  -0.50400,
,,,-00.001086030000,  -0.50400,
,,,-00.001085040000,  -0.50400,
,,,-00.001084050000,  -0.50400,
,,,-00.001083060000,  -0.50400,
,,,-00.001082070000,  -0.50400,
,,,-00.001081080000,  -0.51200,
,,,-00.001080090000,  -0.50400,
,,,-00.001079100000,  -0.51200,
,,,-00.001078110000,  -0.50400,
,,,-00.001077120000,  -0.50400,
,,,-00.001076130000,  -0.50400,
,,,-00.001075140000,  -0.50400,
,,,-00.001074150000,  -0.50400,
,,,-00.001073160000,  -0.50400,
,,,-00.001072170000,  -0.50400,
,,,-00.001071180000,  -0.50400,
,,,-00.001070190000,  -0.50400,
,,,-00.001069200000,  -0.50400,
,,,-00.001068210000,  -0.50400,
,,,-00.001067220000,  -0.50400,
,,,-00.001066230000,  -0.50400,
,,,-00.001065240000,  -0.50400,
,,,-00.001064250000,  -0.51200,
,,,-00.001063260000,  -0.51200,
,,,-00.001062270000,  -0.50400,
,,,-00.001061280000,  -0.51200,
,,,-00.001060290000,  -0.50400,
,,,-00.001059300000,  -0.51200,
,,,-00.001058310000,  -0.50400,
,,,-00.001057320000,  -0.51200,
,,,-00.001056330000,  -0.50400,
,,,-00.001055340000,  -0.51200,
,,,-00.001054350000,  -0.50400,
,,,-00.001053360000,  -0.50400,
,,,-00.001052370000,  -0.50400,
,,,-00.001051380000,  -0.50400,
,,,-00.001050390000,  -0.51200,
,,,-00.001049400000,  -0.50400,
,,,-00.001048410000,  -0.50400,
,,,-00.001047420000,  -0.50400,
,,,-00.001046430000,  -0.50400,
,,,-00.001045440000,  -0.50400,
,,,-00.001044450000,  -0.51200,
,,,-00.001043460000,  -0.50400,
,,,-00.001042470000,  -0.50400,
,,,-00.001041480000,  -0.50400,
,,,-00.001040490000,  -0.50400,
,,,-00.001039500000,  -0.50400,
,,,-00.001038510000,  -0.51200,
,,,-00.001037520000,  -0.50400,
,,,-00.001036530000,  -0.50400,
,,,-00.001035540000,  -0.51200,
,,,-00.001034550000,  -0.50400,
,,,-00.001033560000,  -0.50400,
,,,-00.001032570000,  -0.50400,
,,,-00.001031580000,  -0.51200,
,,,-00.001030590000,  -0.50400,
,,,-00.001029600000,  -0.50400,
,,,-00.001028610000,  -0.50400,
,,,-00.001027620000,  -0.50400,
,,,-00.001026630000,  -0.50400,
,,,-00.001025640000,  -0.50400,
,,,-00.001024650000,  -0.50400,
,,,-00.001023660000,  -0.51200,
,,,-00.001022670000,  -0.51200,
,,,-00.001021680000,  -0.50400,
,,,-00.001020690000,  -0.50400,
,,,-00.001019700000,  -0.50400,
,,,-00.001018710000,  -0.50400,
,,,-00.001017720000,  -0.50400,
,,,-00.001016730000,  -0.50400,
,,,-00.001015740000,  -0.50400,
,,,-00.001014750000,  -0.50400,
,,,-00.001013760000,  -0.50400,
,,,-00.001012770000,  -0.50400,
,,,-00.001011780000,  -0.50400,
,,,-00.001010790000,  -0.50400,
,,,-00.001009800000,  -0.51200,
,,,-00.001008810000,  -0.50400,
,,,-00.001007820000,  -0.50400,
,,,-00.001006830000,  -0.50400,
,,,-00.001005840000,  -0.51200,
,,,-00.001004850000,  -0.50400,
,,,-00.001003860000,  -0.50400,
,,,-00.001002870000,  -0.50400,
,,,-00.001001880000,  -0.50400,
,,,-00.001000890000,  -0.50400,
,,,-00.000999900000,   0.49600,
,,,-00.000998910000,   0.49600,
,,,-00.000997920000,   0.49600,
,,,-00.000996930000,   0.49600,
,,,-00.000995940000,   0.49600,
,,,-00.000994950000,   0.49600,
,,,-00.000993960000,   0.49600,
,,,-00.000992970000,   0.49600,
,,,-00.000991980000,   0.49600,
,,,-00.000990990000,   0.49600,
,,,-00.000990000000,   0.49600,
,,,-00.000989010000,   0.49600,
,,,-00.000988020000,   0.50400,
,,,-00.000987030000,   0.50400,
,,,-00.000986040000,   0.50400,
,,,-00.000985050000,   0.49600,
,,,-00.000984060000,   0.50400,
,,,-00.000983070000,   0.50400,
,,,-00.000982080000,   0.50400,
,,,-00.000981090000,   0.49600,
,,,-00.000980100000,   0.50400,
,,,-00.000979110000,   0.50400,
,,,-00.000978120000,   0.50400,
,,,-00.000977130000,   0.50400,
,,,-00.000976140000,   0.50400,
,,,-00.000975150000,   0.50400,
,,,-00.000974160000,   0.50400,
,,,-00.000973170000,   0.50400,
,,,-00.000972180000,   0.50400,
,,,-00.000971190000,   0.50400,
,,,-00.000970200000,   0.50400,
,,,-00.000969210000,   0.50400,
,,,-00.000968220000,   0.50400,
,,,-00.000967230000,   0.49600,
,,,-00.000966240000,   0.50400,
,,,-00.000965250000,   0.50400,
,,,-00.000964260000,   0.50400,
,,,-00.000963270000,   0.50400,
,,,-00.000962280000,   0.50400,
,,,-00.000961290000,   0.50400,
,,,-00.000960300000,   0.50400,
,,,-00.000959310000,   0.50400,
,,,-00.000958320000,   0.50400,
,,,-00.000957330000,   0.50400,
,,,-00.000956340000,   0.50400,
,,,-00.000955350000,   0.50400,
,,,-00.000954360000,   0.50400,
,,,-00.000953370000,   0.50400,
,,,-00.000952380000,   0.50400,
,,,-00.000951390000,   0.50400,
,,,-00.000950400000,   0.51200,
,,,-00.000949410000,   0.51200,
,,,-00.000948420000,   0.50400,
,,,-00.000947430000,   0.50400,
,,,-00.000946440000,   0.50400,
,,,-00.000945450000,   0.50400,
,,,-00.000944460000,   0.50400,
,,,-00.000943470000,   0.50400,
,,,-00.000942480000,   0.50400,
,,,-00.000941490000,   0.50400,
,,,-00.000940500000,   0.50400,
,,,-00.000939510000,   0.51200,
,,,-00.000938520000,   0.50400,
,,,-00.000937530000,   0.50400,
,,,-00.000936540000,   0.50400,
,,,-00.000935550000,   0.50400,
,,,-00.000934560000,   0.50400,
,,,-00.000933570000,   0.50400,
,,,-00.000932580000,   0.50400,
,,,-00.000931590000,   0.51200,
,,,-00.000930600000,   0.50400,
,,,-00.000929610000,   0.50400,
,,,-00.000928620000,   0.51200,
,,,-00.000927630000,   0.50400,
,,,-00.000926640000,   0.51200,
,,,-00.000925650000,   0.51200,
,,,-00.000924660000,   0.50400,
,,,-00.000923670000,   0.50400,
,,,-00.000922680000,   0.50400,
,,,-00.000921690000,   0.51200,
,,,-00.000920700000,   0.50400,
,,,-00.000919710000,   0.50400,
,,,-00.000918720000,   0.51200,
,,,-00.000917730000,   0.50400,
,,,-00.000916740000,   0.51200,
,,,-00.000915750000,   0.50400,
,,,-00.000914760000,   0.51200,
,,,-00.000913770000,   0.51200,
,,,-00.000912780000,   0.51200,
,,,-00.000911790000,   0.51200,
,,,-00.000910800000,   0.51200,
,,,-00.000909810000,   0.50400,
,,,-00.000908820000,   0.50400,
,,,-00.000907830000,   0.50400,
,,,-00.000906840000,   0.51200,
,,,-00.000905850000,   0.50400,
,,,-00.000904860000,   0.51200,
,,,-00.000903870000,   0.50400,
,,,-00.000902880000,   0.51200,
,,,-00.000901890000,   0.50400,
,,,-00.000900900000,   0.50400,
,,,-00.000899910000,   0.51200,
,,,-00.000898920000,   0.51200,
,,,-00.000897930000,   0.51200,
,,,-00.000896940000,   0.51200,
,,,-00.000895950000,   0.50400,
,,,-00.000894960000,   0.51200,
,,,-00.000893970000,   0.50400,
,,,-00.000892980000,   0.50400,
,,,-00.000891990000,   0.51200,
,,,-00.000891000000,   0.50400,
,,,-00.000890010000,   0.51200,
,,,-00.000889020000,   0.50400,
,,,-00.000888030000,   0.51200,
,,,-00.000887040000,   0.51200,
,,,-00.000886050000,   0.50400,
,,,-00.000885060000,   0.51200,
,,,-00.000884070000,   0.50400,
,,,-00.000883080000,   0.50400,
,,,-00.000882090000,   0.51200,
,,,-00.000881100000,   0.51200,
,,,-00.000880110000,   0.50400,
,,,-00.000879120000,   0.51200,
,,,-00.000878130000,   0.51200,
,,,-00.000877140000,   0.51200,
,,,-00.000876150000,   0.51200,
,,,-00.000875160000,   0.51200,
,,,-00.000874170000,   0.50400,
,,,-00.000873180000,   0.50400,
,,,-00.000872190000,   0.50400,
,,,-00.000871200000,   0.51200,
,,,-00.000870210000,   0.51200,
,,,-00.000869220000,   0.51200,
,,,-00.000868230000,   0.51200,
,,,-00.000867240000,   0.50400,
,,,-00.000866250000,   0.51200,
,,,-00.000865260000,   0.50400,
,,,-00.000864270000,   0.51200,
,,,-00.000863280000,   0.51200,
,,,-00.000862290000,   0.51200,
,,,-00.000861300000,   0.51200,
,,,-00.000860310000,   0.50400,
,,,-00.000859320000,   0.51200,
,,,-00.000858330000,   0.51200,
,,,-00.000857340000,   0.51200,
,,,-00.000856350000,   0.51200,
,,,-00.000855360000,   0.50400,
,,,-00.000854370000,   0.51200,
,,,-00.000853380000,   0.51200,
,,,-00.000852390000,   0.51200,
,,,-00.000851400000,   0.51200,
,,,-00.000850410000,   0.50400,
,,,-00.000849420000,   0.51200,
,,,-00.000848430000,   0.51200,
,,,-00.000847440000,   0.51200,
,,,-00.000846450000,   0.51200,
,,,-00.000845460000,   0.51200,
,,,-00.000844470000,   0.51200,
,,,-00.000843480000,   0.51200,
,,,-00.000842490000,   0.51200,
,,,-00.000841500000,   0.51200,
,,,-00.000840510000,   0.50400,
,,,-00.000839520000,   0.50400,
,,,-00.000838530000,   0.50400,
,,,-00.000837540000,   0.51200,
,,,-00.000836550000,   0.51200,
,,,-00.000835560000,   0.51200,
,,,-00.000834570000,   0.51200,
,,,-00.000833580000,   0.51200,
,,,-00.000832590000,   0.51200,
,,,-00.000831600000,   0.51200,
,,,-00.000830610000,   0.51200,
,,,-00.000829620000,   0.51200,
,,,-00.000828630000,   0.51200,
,,,-00.000827640000,   0.51200,
,,,-00.000826650000,   0.51200,
,,,-00.000825660000,   0.51200,
,,,-00.000824670000,   0.51200,
,,,-00.000823680000,   0.51200,
,,,-00.000822690000,   0.51200,
,,,-00.000821700000,   0.51200,
,,,-00.000820710000,   0.51200,
,,,-00.000819720000,   0.51200,
,,,-00.000818730000,   0.51200,
,,,-00.000817740000,   0.51200,
,,,-00.000816750000,   0.51200,
,,,-00.000815760000,   0.51200,
,,,-00.000814770000,   0.50400,
,,,-00.000813780000,   0.50400,
,,,-00.000812790000,   0.51200,
,,,-00.000811800000,   0.51200,
,,,-00.000810810000,   0.50400,
,,,-00.000809820000,   0.51200,
,,,-00.000808830000,   0.50400,
,,,-00.000807840000,   0.51200,
,,,-00.000806850000,   0.51200,
,,,-00.000805860000,   0.51200,
,,,-00.000804870000,   0.51200,
,,,-00.000803880000,   0.51200,
,,,-00.000802890000,   0.51200,
,,,-00.000801900000,   0.51200,
,,,-00.000800910000,   0.50400,
,,,-00.000799920000,   0.51200,
,,,-00.000798930000,   0.51200,
,,,-00.000797940000,   0.51200,
,,,-00.000796950000,   0.50400,
,,,-00.000795960000,   0.51200,
,,,-00.000794970000,   0.51200,
,,,-00.000793980000,   0.51200,
,,,-00.000792990000,   0.50400,
,,,-00.000792000000,   0.51200,
,,,-00.000791010000,   0.50400,
,,,-00.000790020000,   0.51200,
,,,-00.000789030000,   0.51200,
,,,-00.000788040000,   0.51200,
,,,-00.000787050000,   0.51200,
,,,-00.000786060000,   0.51200,
,,,-00.000785070000,   0.51200,
,,,-00.000784080000,   0.51200,
,,,-00.000783090000,   0.51200,
,,,-00.000782100000,   0.51200,
,,,-00.000781110000,   0.51200,
,,,-00.000780120000,   0.51200,
,,,-00.000779130000,   0.51200,
,,,-00.000778140000,   0.50400,
,,,-00.000777150000,   0.50400,
,,,-00.000776160000,   0.51200,
,,,-00.000775170000,   0.51200,
,,,-00.000774180000,   0.51200,
,,,-00.000773190000,   0.51200,
,,,-00.000772200000,   0.51200,
,,,-00.000771210000,   0.50400,
,,,-00.000770220000,   0.51200,
,,,-00.000769230000,   0.51200,
,,,-00.000768240000,   0.51200,
,,,-00.000767250000,   0.51200,
,,,-00.000766260000,   0.50400,
,,,-00.000765270000,   0.51200,
,,,-00.000764280000,   0.51200,
,,,-00.000763290000,   0.51200,
,,,-00.000762300000,   0.51200,
,,,-00.000761310000,   0.51200,
,,,-00.000760320000,   0.51200,
,,,-00.000759330000,   0.51200,
,,,-00.000758340000,   0.51200,
,,,-00.000757350000,   0.51200,
,,,-00.000756360000,   0.51200,
,,,-00.000755370000,   0.51200,
,,,-00.000754380000,   0.50400,
,,,-00.000753390000,   0.51200,
,,,-00.000752400000,   0.51200,
,,,-00.000751410000,   0.51200,
,,,-00.000750420000,   0.51200,
,,,-00.000749430000,   0.51200,
,,,-00.000748440000,   0.51200,
,,,-00.000747450000,   0.50400,
,,,-00.000746460000,   0.51200,
,,,-00.000745470000,   0.51200,
,,,-00.000744480000,   0.51200,
,,,-00.000743490000,   0.51200,
,,,-00.000742500000,   0.51200,
,,,-00.000741510000,   0.51200,
,,,-00.000740520000,   0.51200,
,,,-00.000739530000,   0.51200,
,,,-00.000738540000,   0.51200,
,,,-00.000737550000,   0.50400,
,,,-00.000736560000,   0.51200,
,,,-00.000735570000,   0.51200,
,,,-00.000734580000,   0.51200,
,,,-00.000733590000,   0.50400,
,,,-00.000732600000,   0.51200,
,,,-00.000731610000,   0.51200,
,,,-00.000730620000,   0.50400,
,,,-00.000729630000,   0.50400,
,,,-00.000728640000,   0.51200,
,,,-00.000727650000,   0.51200,
,,,-00.000726660000,   0.51200,
,,,-00.000725670000,   0.50400,
,,,-00.000724680000,   0.51200,
,,,-00.000723690000,   0.51200,
,,,-00.000722700000,   0.51200,
,,,-00.000721710000,   0.51200,
,,,-00.000720720000,   0.50400,
,,,-00.000719730000,   0.50400,
,,,-00.000718740000,   0.51200,
,,,-00.000717750000,   0.51200,
,,,-00.000716760000,   0.51200,
,,,-00.000715770000,   0.51200,
,,,-00.000714780000,   0.50400,
,,,-00.000713790000,   0.51200,
,,,-00.000712800000,   0.51200,
,,,-00.000711810000,   0.51200,
,,,-00.000710820000,   0.51200,
,,,-00.000709830000,   0.51200,
,,,-00.000708840000,   0.51200,
,,,-00.000707850000,   0.50400,
,,,-00.000706860000,   0.51200,
,,,-00.000705870000,   0.51200,
,,,-00.000704880000,   0.51200,
,,,-00.000703890000,   0.51200,
,,,-00.000702900000,   0.50400,
,,,-00.000701910000,   0.51200,
,,,-00.000700920000,   0.51200,
,,,-00.000699930000,   0.51200,
,,,-00.000698940000,   0.51200,
,,,-00.000697950000,   0.50400,
,,,-00.000696960000,   0.51200,
,,,-00.000695970000,   0.51200,
,,,-00.000694980000,   0.51200,
,,,-00.000693990000,   0.51200,
,,,-00.000693000000,   0.51200,
,,,-00.000692010000,   0.50400,
,,,-00.000691020000,   0.51200,
,,,-00.000690030000,   0.51200,
,,,-00.000689040000,   0.51200,
,,,-00.000688050000,   0.51200,
,,,-00.000687060000,   0.51200,
,,,-00.000686070000,   0.51200,
,,,-00.000685080000,   0.51200,
,,,-00.000684090000,   0.51200,
,,,-00.000683100000,   0.51200,
,,,-00.000682110000,   0.51200,
,,,-00.000681120000,   0.51200,
,,,-00.000680130000,   0.51200,
,,,-00.000679140000,   0.51200,
,,,-00.000678150000,   0.51200,
,,,-00.000677160000,   0.51200,
,,,-00.000676170000,   0.51200,
,,,-00.000675180000,   0.50400,
,,,-00.000674190000,   0.51200,
,,,-00.000673200000,   0.51200,
,,,-00.000672210000,   0.51200,
,,,-00.000671220000,   0.51200,
,,,-00.000670230000,   0.51200,
,,,-00.000669240000,   0.51200,
,,,-00.000668250000,   0.51200,
,,,-00.000667260000,   0.51200,
,,,-00.000666270000,   0.51200,
,,,-00.000665280000,   0.51200,
,,,-00.000664290000,   0.51200,
,,,-00.000663300000,   0.51200,
,,,-00.000662310000,   0.51200,
,,,-00.000661320000,   0.51200,
,,,-00.000660330000,   0.51200,
,,,-00.000659340000,   0.51200,
,,,-00.000658350000,   0.51200,
,,,-00.000657360000,   0.51200,
,,,-00.000656370000,   0.51200,
,,,-00.000655380000,   0.51200,
,,,-00.000654390000,   0.51200,
,,,-00.000653400000,   0.51200,
,,,-00.000652410000,   0.51200,
,,,-00.000651420000,   0.50400,
,,,-00.000650430000,   0.50400,
,,,-00.000649440000,   0.51200,
,,,-00.000648450000,   0.51200,
,,,-00.000647460000,   0.51200,
,,,-00.000646470000,   0.51200,
,,,-00.000645480000,   0.51200,
,,,-00.000644490000,   0.51200,
,,,-00.000643500000,   0.51200,
,,,-00.000642510000,   0.50400,
,,,-00.000641520000,   0.51200,
,,,-00.000640530000,   0.51200,
,,,-00.000639540000,   0.51200,
,,,-00.000638550000,   0.51200,
,,,-00.000637560000,   0.51200,
,,,-00.000636570000,   0.51200,
,,,-00.000635580000,   0.51200,
,,,-00.000634590000,   0.51200,
,,,-00.000633600000,   0.50400,
,,,-00.000632610000,   0.51200,
,,,-00.000631620000,   0.51200,
,,,-00.000630630000,   0.51200,
,,,-00.000629640000,   0.51200,
,,,-00.000628650000,   0.51200,
,,,-00.000627660000,   0.51200,
,,,-00.000626670000,   0.51200,
,,,-00.000625680000,   0.50400,
,,,-00.000624690000,   0.50400,
,,,-00.000623700000,   0.51200,
,,,-00.000622710000,   0.51200,
,,,-00.000621720000,   0.51200,
,,,-00.000620730000,   0.51200,
,,,-00.000619740000,   0.51200,
,,,-00.000618750000,   0.51200,
,,,-00.000617760000,   0.51200,
,,,-00.000616770000,   0.51200,
,,,-00.000615780000,   0.50400,
,,,-00.000614790000,   0.51200,
,,,-00.000613800000,   0.51200,
,,,-00.000612810000,   0.50400,
,,,-00.000611820000,   0.51200,
,,,-00.000610830000,   0.51200,
,,,-00.000609840000,   0.51200,
,,,-00.000608850000,   0.51200,
,,,-00.000607860000,   0.51200,
,,,-00.000606870000,   0.51200,
,,,-00.000605880000,   0.51200,
,,,-00.000604890000,   0.51200,
,,,-00.000603900000,   0.51200,
,,,-00.000602910000,   0.51200,
,,,-00.000601920000,   0.51200,
,,,-00.000600930000,   0.51200,
,,,-00.000599940000,   0.50400,
,,,-00.000598950000,   0.50400,
,,,-00.000597960000,   0.51200,
,,,-00.000596970000,   0.51200,
,,,-00.000595980000,   0.51200,
,,,-00.000594990000,   0.51200,
,,,-00.000594000000,   0.51200,
,,,-00.000593010000,   0.51200,
,,,-00.000592020000,   0.51200,
,,,-00.000591030000,   0.50400,
,,,-00.000590040000,   0.51200,
,,,-00.000589050000,   0.51200,
,,,-00.000588060000,   0.50400,
,,,-00.000587070000,   0.51200,
,,,-00.000586080000,   0.51200,
,,,-00.000585090000,   0.51200,
,,,-00.000584100000,   0.51200,
,,,-00.000583110000,   0.50400,
,,,-00.000582120000,   0.51200,
,,,-00.000581130000,   0.50400,
,,,-00.000580140000,   0.51200,
,,,-00.000579150000,   0.51200,
,,,-00.000578160000,   0.51200,
,,,-00.000577170000,   0.50400,
,,,-00.000576180000,   0.51200,
,,,-00.000575190000,   0.51200,
,,,-00.000574200000,   0.51200,
,,,-00.000573210000,   0.51200,
,,,-00.000572220000,   0.51200,
,,,-00.000571230000,   0.51200,
,,,-00.000570240000,   0.51200,
,,,-00.000569250000,   0.51200,
,,,-00.000568260000,   0.51200,
,,,-00.000567270000,   0.51200,
,,,-00.000566280000,   0.51200,
,,,-00.000565290000,   0.51200,
,,,-00.000564300000,   0.51200,
,,,-00.000563310000,   0.51200,
,,,-00.000562320000,   0.51200,
,,,-00.000561330000,   0.51200,
,,,-00.000560340000,   0.51200,
,,,-00.000559350000,   0.51200,
,,,-00.000558360000,   0.51200,
,,,-00.000557370000,   0.51200,
,,,-00.000556380000,   0.50400,
,,,-00.000555390000,   0.51200,
,,,-00.000554400000,   0.50400,
,,,-00.000553410000,   0.51200,
,,,-00.000552420000,   0.51200,
,,,-00.000551430000,   0.51200,
,,,-00.000550440000,   0.51200,
,,,-00.000549450000,   0.50400,
,,,-00.000548460000,   0.51200,
,,,-00.000547470000,   0.51200,
,,,-00.000546480000,   0.51200,
,,,-00.000545490000,   0.50400,
,,,-00.000544500000,   0.50400,
,,,-00.000543510000,   0.51200,
,,,-00.000542520000,   0.51200,
,,,-00.000541530000,   0.51200,
,,,-00.000540540000,   0.51200,
,,,-00.000539550000,   0.51200,
,,,-00.000538560000,   0.51200,
,,,-00.000537570000,   0.51200,
,,,-00.000536580000,   0.50400,
,,,-00.000535590000,   0.51200,
,,,-00.000534600000,   0.51200,
,,,-00.000533610000,   0.50400,
,,,-00.000532620000,   0.51200,
,,,-00.000531630000,   0.50400,
,,,-00.000530640000,   0.51200,
,,,-00.000529650000,   0.51200,
,,,-00.000528660000,   0.51200,
,,,-00.000527670000,   0.51200,
,,,-00.000526680000,   0.51200,
,,,-00.000525690000,   0.51200,
,,,-00.000524700000,   0.50400,
,,,-00.000523710000,   0.51200,
,,,-00.000522720000,   0.51200,
,,,-00.000521730000,   0.51200,
,,,-00.000520740000,   0.51200,
,,,-00.000519750000,   0.50400,
,,,-00.000518760000,   0.51200,
,,,-00.000517770000,   0.51200,
,,,-00.000516780000,   0.51200,
,,,-00.000515790000,   0.51200,
,,,-00.000514800000,   0.51200,
,,,-00.000513810000,   0.51200,
,,,-00.000512820000,   0.51200,
,,,-00.000511830000,   0.51200,
,,,-00.000510840000,   0.51200,
,,,-00.000509850000,   0.51200,
,,,-00.000508860000,   0.51200,
,,,-00.000507870000,   0.51200,
,,,-00.000506880000,   0.51200,
,,,-00.000505890000,   0.51200,
,,,-00.000504900000,   0.50400,
,,,-00.000503910000,   0.51200,
,,,-00.000502920000,   0.51200,
,,,-00.000501930000,   0.51200,
,,,-00.000500940000,  -0.48000,
,,,-00.000499950000,  -0.48800,
,,,-00.000498960000,  -0.49600,
,,,-00.000497970000,  -0.49600,
,,,-00.000496980000,  -0.49600,
,,,-00.000495990000,  -0.49600,
,,,-00.000495000000,  -0.49600,
,,,-00.000494010000,  -0.49600,
,,,-00.000493020000,  -0.49600,
,,,-00.000492030000,  -0.49600,
,,,-00.000491040000,  -0.49600,
,,,-00.000490050000,  -0.49600,
,,,-00.000489060000,  -0.49600,
,,,-00.000488070000,  -0.49600,
,,,-00.000487080000,  -0.49600,
,,,-00.000486090000,  -0.49600,
,,,-00.000485100000,  -0.49600,
,,,-00.000484110000,  -0.49600,
,,,-00.000483120000,  -0.49600,
,,,-00.000482130000,  -0.50400,
,,,-00.000481140000,  -0.50400,
,,,-00.000480150000,  -0.49600,
,,,-00.000479160000,  -0.49600,
,,,-00.000478170000,  -0.49600,
,,,-00.000477180000,  -0.50400,
,,,-00.000476190000,  -0.50400,
,,,-00.000475200000,  -0.50400,
,,,-00.000474210000,  -0.49600,
,,,-00.000473220000,  -0.49600,
,,,-00.000472230000,  -0.50400,
,,,-00.000471240000,  -0.49600,
,,,-00.000470250000,  -0.50400,
,,,-00.000469260000,  -0.50400,
,,,-00.000468270000,  -0.50400,
,,,-00.000467280000,  -0.49600,
,,,-00.000466290000,  -0.50400,
,,,-00.000465300000,  -0.50400,
,,,-00.000464310000,  -0.50400,
,,,-00.000463320000,  -0.50400,
,,,-00.000462330000,  -0.50400,
,,,-00.000461340000,  -0.50400,
,,,-00.000460350000,  -0.50400,
,,,-00.000459360000,  -0.50400,
,,,-00.000458370000,  -0.50400,
,,,-00.000457380000,  -0.50400,
,,,-00.000456390000,  -0.50400,
,,,-00.000455400000,  -0.50400,
,,,-00.000454410000,  -0.50400,
,,,-00.000453420000,  -0.50400,
,,,-00.000452430000,  -0.50400,
,,,-00.000451440000,  -0.49600,
,,,-00.000450450000,  -0.50400,
,,,-00.000449460000,  -0.50400,
,,,-00.000448470000,  -0.50400,
,,,-00.000447480000,  -0.49600,
,,,-00.000446490000,  -0.50400,
,,,-00.000445500000,  -0.50400,
,,,-00.000444510000,  -0.50400,
,,,-00.000443520000,  -0.50400,
,,,-00.000442530000,  -0.50400,
,,,-00.000441540000,  -0.50400,
,,,-00.000440550000,  -0.50400,
,,,-00.000439560000,  -0.50400,
,,,-00.000438570000,  -0.50400,
,,,-00.000437580000,  -0.50400,
,,,-00.000436590000,  -0.50400,
,,,-00.000435600000,  -0.50400,
,,,-00.000434610000,  -0.49600,
,,,-00.000433620000,  -0.50400,
,,,-00.000432630000,  -0.50400,
,,,-00.000431640000,  -0.50400,
,,,-00.000430650000,  -0.50400,
,,,-00.000429660000,  -0.50400,
,,,-00.000428670000,  -0.50400,
,,,-00.000427680000,  -0.50400,
,,,-00.000426690000,  -0.50400,
,,,-00.000425700000,  -0.50400,
,,,-00.000424710000,  -0.50400,
,,,-00.000423720000,  -0.50400,
,,,-00.000422730000,  -0.50400,
,,,-00.000421740000,  -0.50400,
,,,-00.000420750000,  -0.50400,
,,,-00.000419760000,  -0.50400,
,,,-00.000418770000,  -0.50400,
,,,-00.000417780000,  -0.50400,
,,,-00.000416790000,  -0.50400,
,,,-00.000415800000,  -0.50400,
,,,-00.000414810000,  -0.50400,
,,,-00.000413820000,  -0.50400,
,,,-00.000412830000,  -0.50400,
,,,-00.000411840000,  -0.50400,
,,,-00.000410850000,  -0.50400,
,,,-00.000409860000,  -0.50400,
,,,-00.000408870000,  -0.50400,
,,,-00.000407880000,  -0.50400,
,,,-00.000406890000,  -0.50400,
,,,-00.000405900000,  -0.50400,
,,,-00.000404910000,  -0.50400,
,,,-00.000403920000,  -0.50400,
,,,-00.000402930000,  -0.50400,
,,,-00.000401940000,  -0.50400,
,,,-00.000400950000,  -0.50400,
,,,-00.000399960000,  -0.50400,
,,,-00.000398970000,  -0.50400,
,,,-00.000397980000,  -0.50400,
,,,-00.000396990000,  -0.50400,
,,,-00.000396000000,  -0.50400,
,,,-00.000395010000,  -0.50400,
,,,-00.000394020000,  -0.50400,
,,,-00.000393030000,  -0.51200,
,,,-00.000392040000,  -0.50400,
,,,-00.000391050000,  -0.50400,
,,,-00.000390060000,  -0.50400,
,,,-00.000389070000,  -0.50400,
,,,-00.000388080000,  -0.50400,
,,,-00.000387090000,  -0.50400,
,,,-00.000386100000,  -0.50400,
,,,-00.000385110000,  -0.50400,
,,,-00.000384120000,  -0.51200,
,,,-00.000383130000,  -0.50400,
,,,-00.000382140000,  -0.50400,
,,,-00.000381150000,  -0.50400,
,,,-00.000380160000,  -0.50400,
,,,-00.000379170000,  -0.50400,
,,,-00.000378180000,  -0.50400,
,,,-00.000377190000,  -0.50400,
,,,-00.000376200000,  -0.50400,
,,,-00.000375210000,  -0.51200,
,,,-00.000374220000,  -0.50400,
,,,-00.000373230000,  -0.50400,
,,,-00.000372240000,  -0.50400,
,,,-00.000371250000,  -0.50400,
,,,-00.000370260000,  -0.50400,
,,,-00.000369270000,  -0.51200,
,,,-00.000368280000,  -0.50400,
,,,-00.000367290000,  -0.50400,
,,,-00.000366300000,  -0.50400,
,,,-00.000365310000,  -0.50400,
,,,-00.000364320000,  -0.50400,
,,,-00.000363330000,  -0.51200,
,,,-00.000362340000,  -0.50400,
,,,-00.000361350000,  -0.50400,
,,,-00.000360360000,  -0.50400,
,,,-00.000359370000,  -0.50400,
,,,-00.000358380000,  -0.50400,
,,,-00.000357390000,  -0.50400,
,,,-00.000356400000,  -0.50400,
,,,-00.000355410000,  -0.50400,
,,,-00.000354420000,  -0.50400,
,,,-00.000353430000,  -0.50400,
,,,-00.000352440000,  -0.50400,
,,,-00.000351450000,  -0.51200,
,,,-00.000350460000,  -0.50400,
,,,-00.000349470000,  -0.50400,
,,,-00.000348480000,  -0.50400,
,,,-00.000347490000,  -0.51200,
,,,-00.000346500000,  -0.50400,
,,,-00.000345510000,  -0.50400,
,,,-00.000344520000,  -0.50400,
,,,-00.000343530000,  -0.51200,
,,,-00.000342540000,  -0.50400,
,,,-00.000341550000,  -0.50400,
,,,-00.000340560000,  -0.50400,
,,,-00.000339570000,  -0.50400,
,,,-00.000338580000,  -0.50400,
,,,-00.000337590000,  -0.50400,
,,,-00.000336600000,  -0.50400,
,,,-00.000335610000,  -0.51200,
,,,-00.000334620000,  -0.50400,
,,,-00.000333630000,  -0.50400,
,,,-00.000332640000,  -0.50400,
,,,-00.000331650000,  -0.50400,
,,,-00.000330660000,  -0.50400,
,,,-00.000329670000,  -0.51200,
,,,-00.000328680000,  -0.51200,
,,,-00.000327690000,  -0.50400,
,,,-00.000326700000,  -0.50400,
,,,-00.000325710000,  -0.50400,
,,,-00.000324720000,  -0.50400,
,,,-00.000323730000,  -0.50400,
,,,-00.000322740000,  -0.50400,
,,,-00.000321750000,  -0.50400,
,,,-00.000320760000,  -0.51200,
,,,-00.000319770000,  -0.50400,
,,,-00.000318780000,  -0.51200,
,,,-00.000317790000,  -0.51200,
,,,-00.000316800000,  -0.51200,
,,,-00.000315810000,  -0.50400,
,,,-00.000314820000,  -0.51200,
,,,-00.000313830000,  -0.50400,
,,,-00.000312840000,  -0.50400,
,,,-00.000311850000,  -0.50400,
,,,-00.000310860000,  -0.50400,
,,,-00.000309870000,  -0.50400,
,,,-00.000308880000,  -0.50400,
,,,-00.000307890000,  -0.51200,
,,,-00.000306900000,  -0.50400,
,,,-00.000305910000,  -0.50400,
,,,-00.000304920000,  -0.50400,
,,,-00.000303930000,  -0.50400,
,,,-00.000302940000,  -0.50400,
,,,-00.000301950000,  -0.50400,
,,,-00.000300960000,  -0.50400,
,,,-00.000299970000,  -0.50400,
,,,-00.000298980000,  -0.51200,
,,,-00.000297990000,  -0.50400,
,,,-00.000297000000,  -0.50400,
,,,-00.000296010000,  -0.50400,
,,,-00.000295020000,  -0.50400,
,,,-00.000294030000,  -0.50400,
,,,-00.000293040000,  -0.50400,
,,,-00.000292050000,  -0.50400,
,,,-00.000291060000,  -0.50400,
,,,-00.000290070000,  -0.50400,
,,,-00.000289080000,  -0.50400,
,,,-00.000288090000,  -0.51200,
,,,-00.000287100000,  -0.50400,
,,,-00.000286110000,  -0.50400,
,,,-00.000285120000,  -0.50400,
,,,-00.000284130000,  -0.50400,
,,,-00.000283140000,  -0.50400,
,,,-00.000282150000,  -0.50400,
,,,-00.000281160000,  -0.50400,
,,,-00.000280170000,  -0.50400,
,,,-00.000279180000,  -0.50400,
,,,-00.000278190000,  -0.50400,
,,,-00.000277200000,  -0.50400,
,,,-00.000276210000,  -0.50400,
,,,-00.000275220000,  -0.50400,
,,,-00.000274230000,  -0.50400,
,,,-00.000273240000,  -0.50400,
,,,-00.000272250000,  -0.50400,
,,,-00.000271260000,  -0.51200,
,,,-00.000270270000,  -0.50400,
,,,-00.000269280000,  -0.50400,
,,,-00.000268290000,  -0.50400,
,,,-00.000267300000,  -0.50400,
,,,-00.000266310000,  -0.50400,
,,,-00.000265320000,  -0.50400,
,,,-00.000264330000,  -0.51200,
,,,-00.000263340000,  -0.51200,
,,,-00.000262350000,  -0.50400,
,,,-00.000261360000,  -0.51200,
,,,-00.000260370000,  -0.50400,
,,,-00.000259380000,  -0.51200,
,,,-00.000258390000,  -0.50400,
,,,-00.000257400000,  -0.51200,
,,,-00.000256410000,  -0.50400,
,,,-00.000255420000,  -0.51200,
,,,-00.000254430000,  -0.50400,
,,,-00.000253440000,  -0.50400,
,,,-00.000252450000,  -0.51200,
,,,-00.000251460000,  -0.50400,
,,,-00.000250470000,  -0.51200,
,,,-00.000249480000,  -0.50400,
,,,-00.000248490000,  -0.50400,
,,,-00.000247500000,  -0.50400,
,,,-00.000246510000,  -0.51200,
,,,-00.000245520000,  -0.50400,
,,,-00.000244530000,  -0.50400,
,,,-00.000243540000,  -0.50400,
,,,-00.000242550000,  -0.50400,
,,,-00.000241560000,  -0.50400,
,,,-00.000240570000,  -0.50400,
,,,-00.000239580000,  -0.50400,
,,,-00.000238590000,  -0.51200,
,,,-00.000237600000,  -0.50400,
,,,-00.000236610000,  -0.51200,
,,,-00.000235620000,  -0.50400,
,,,-00.000234630000,  -0.50400,
,,,-00.000233640000,  -0.51200,
,,,-00.000232650000,  -0.50400,
,,,-00.000231660000,  -0.50400,
,,,-00.000230670000,  -0.51200,
,,,-00.000229680000,  -0.50400,
,,,-00.000228690000,  -0.50400,
,,,-00.000227700000,  -0.51200,
,,,-00.000226710000,  -0.50400,
,,,-00.000225720000,  -0.50400,
,,,-00.000224730000,  -0.50400,
,,,-00.000223740000,  -0.50400,
,,,-00.000222750000,  -0.50400,
,,,-00.000221760000,  -0.50400,
,,,-00.000220770000,  -0.51200,
,,,-00.000219780000,  -0.50400,
,,,-00.000218790000,  -0.50400,
,,,-00.000217800000,  -0.50400,
,,,-00.000216810000,  -0.50400,
,,,-00.000215820000,  -0.50400,
,,,-00.000214830000,  -0.50400,
,,,-00.000213840000,  -0.50400,
,,,-00.000212850000,  -0.50400,
,,,-00.000211860000,  -0.51200,
,,,-00.000210870000,  -0.50400,
,,,-00.000209880000,  -0.50400,
,,,-00.000208890000,  -0.50400,
,,,-00.000207900000,  -0.50400,
,,,-00.000206910000,  -0.50400,
,,,-00.000205920000,  -0.50400,
,,,-00.000204930000,  -0.50400,
,,,-00.000203940000,  -0.51200,
,,,-00.000202950000,  -0.50400,
,,,-00.000201960000,  -0.50400,
,,,-00.000200970000,  -0.51200,
,,,-00.000199980000,  -0.50400,
,,,-00.000198990000,  -0.51200,
,,,-00.000198000000,  -0.50400,
,,,-00.000197010000,  -0.50400,
,,,-00.000196020000,  -0.51200,
,,,-00.000195030000,  -0.50400,
,,,-00.000194040000,  -0.50400,
,,,-00.000193050000,  -0.50400,
,,,-00.000192060000,  -0.50400,
,,,-00.000191070000,  -0.50400,
,,,-00.000190080000,  -0.50400,
,,,-00.000189090000,  -0.50400,
,,,-00.000188100000,  -0.50400,
,,,-00.000187110000,  -0.50400,
,,,-00.000186120000,  -0.50400,
,,,-00.000185130000,  -0.51200,
,,,-00.000184140000,  -0.50400,
,,,-00.000183150000,  -0.51200,
,,,-00.000182160000,  -0.50400,
,,,-00.000181170000,  -0.50400,
,,,-00.000180180000,  -0.51200,
,,,-00.000179190000,  -0.50400,
,,,-00.000178200000,  -0.50400,
,,,-00.000177210000,  -0.50400,
,,,-00.000176220000,  -0.50400,
,,,-00.000175230000,  -0.50400,
,,,-00.000174240000,  -0.50400,
,,,-00.000173250000,  -0.51200,
,,,-00.000172260000,  -0.50400,
,,,-00.000171270000,  -0.50400,
,,,-00.000170280000,  -0.51200,
,,,-00.000169290000,  -0.50400,
,,,-00.000168300000,  -0.50400,
,,,-00.000167310000,  -0.50400,
,,,-00.000166320000,  -0.51200,
,,,-00.000165330000,  -0.50400,
,,,-00.000164340000,  -0.50400,
,,,-00.000163350000,  -0.51200,
,,,-00.000162360000,  -0.50400,
,,,-00.000161370000,  -0.51200,
,,,-00.000160380000,  -0.50400,
,,,-00.000159390000,  -0.50400,
,,,-00.000158400000,  -0.50400,
,,,-00.000157410000,  -0.50400,
,,,-00.000156420000,  -0.50400,
,,,-00.000155430000,  -0.50400,
,,,-00.000154440000,  -0.50400,
,,,-00.000153450000,  -0.50400,
,,,-00.000152460000,  -0.50400,
,,,-00.000151470000,  -0.50400,
,,,-00.000150480000,  -0.50400,
,,,-00.000149490000,  -0.50400,
,,,-00.000148500000,  -0.50400,
,,,-00.000147510000,  -0.50400,
,,,-00.000146520000,  -0.50400,
,,,-00.000145530000,  -0.50400,
,,,-00.000144540000,  -0.50400,
,,,-00.000143550000,  -0.50400,
,,,-00.000142560000,  -0.50400,
,,,-00.000141570000,  -0.51200,
,,,-00.000140580000,  -0.50400,
,,,-00.000139590000,  -0.50400,
,,,-00.000138600000,  -0.50400,
,,,-00.000137610000,  -0.50400,
,,,-00.000136620000,  -0.50400,
,,,-00.000135630000,  -0.50400,
,,,-00.000134640000,  -0.50400,
,,,-00.000133650000,  -0.50400,
,,,-00.000132660000,  -0.50400,
,,,-00.000131670000,  -0.51200,
,,,-00.000130680000,  -0.51200,
,,,-00.000129690000,  -0.50400,
,,,-00.000128700000,  -0.50400,
,,,-00.000127710000,  -0.50400,
,,,-00.000126720000,  -0.51200,
,,,-00.000125730000,  -0.50400,
,,,-00.000124740000,  -0.50400,
,,,-00.000123750000,  -0.50400,
,,,-00.000122760000,  -0.50400,
,,,-00.000121770000,  -0.51200,
,,,-00.000120780000,  -0.51200,
,,,-00.000119790000,  -0.50400,
,,,-00.000118800000,  -0.50400,
,,,-00.000117810000,  -0.51200,
,,,-00.000116820000,  -0.50400,
,,,-00.000115830000,  -0.50400,
,,,-00.000114840000,  -0.50400,
,,,-00.000113850000,  -0.51200,
,,,-00.000112860000,  -0.51200,
,,,-00.000111870000,  -0.50400,
,,,-00.000110880000,  -0.50400,
,,,-00.000109890000,  -0.50400,
,,,-00.000108900000,  -0.50400,
,,,-00.000107910000,  -0.51200,
,,,-00.000106920000,  -0.50400,
,,,-00.000105930000,  -0.50400,
,,,-00.000104940000,  -0.50400,
,,,-00.000103950000,  -0.50400,
,,,-00.000102960000,  -0.50400,
,,,-00.000101970000,  -0.50400,
,,,-00.000100980000,  -0.50400,
,,,-00.000099990000,  -0.50400,
,,,-00.000099000000,  -0.50400,
,,,-00.000098010000,  -0.51200,
,,,-00.000097020000,  -0.50400,
,,,-00.000096030000,  -0.50400,
,,,-00.000095040000,  -0.50400,
,,,-00.000094050000,  -0.50400,
,,,-00.000093060000,  -0.50400,
,,,-00.000092070000,  -0.50400,
,,,-00.000091080000,  -0.50400,
,,,-00.000090090000,  -0.50400,
,,,-00.000089100000,  -0.50400,
,,,-00.000088110000,  -0.50400,
,,,-00.000087120000,  -0.50400,
,,,-00.000086130000,  -0.50400,
,,,-00.000085140000,  -0.50400,
,,,-00.000084150000,  -0.51200,
,,,-00.000083160000,  -0.51200,
,,,-00.000082170000,  -0.50400,
,,,-00.000081180000,  -0.50400,
,,,-00.000080190000,  -0.51200,
,,,-00.000079200000,  -0.50400,
,,,-00.000078210000,  -0.50400,
,,,-00.000077220000,  -0.50400,
,,,-00.000076230000,  -0.51200,
,,,-00.000075240000,  -0.50400,
,,,-00.000074250000,  -0.51200,
,,,-00.000073260000,  -0.50400,
,,,-00.000072270000,  -0.50400,
,,,-00.000071280000,  -0.50400,
,,,-00.000070290000,  -0.50400,
,,,-00.000069300000,  -0.50400,
,,,-00.000068310000,  -0.50400,
,,,-00.000067320000,  -0.50400,
,,,-00.000066330000,  -0.50400,
,,,-00.000065340000,  -0.50400,
,,,-00.000064350000,  -0.50400,
,,,-00.000063360000,  -0.51200,
,,,-00.000062370000,  -0.50400,
,,,-00.000061380000,  -0.50400,
,,,-00.000060390000,  -0.50400,
,,,-00.000059400000,  -0.50400,
,,,-00.000058410000,  -0.50400,
,,,-00.000057420000,  -0.50400,
,,,-00.000056430000,  -0.51200,
,,,-00.000055440000,  -0.50400,
,,,-00.000054450000,  -0.50400,
,,,-00.000053460000,  -0.50400,
,,,-00.000052470000,  -0.50400,
,,,-00.000051480000,  -0.50400,
,,,-00.000050490000,  -0.51200,
,,,-00.000049500000,  -0.50400,
,,,-00.000048510000,  -0.50400,
,,,-00.000047520000,  -0.50400,
,,,-00.000046530000,  -0.50400,
,,,-00.000045540000,  -0.50400,
,,,-00.000044550000,  -0.50400,
,,,-00.000043560000,  -0.51200,
,,,-00.000042570000,  -0.50400,
,,,-00.000041580000,  -0.51200,
,,,-00.000040590000,  -0.50400,
,,,-00.000039600000,  -0.51200,
,,,-00.000038610000,  -0.51200,
,,,-00.000037620000,  -0.50400,
,,,-00.000036630000,  -0.50400,
,,,-00.000035640000,  -0.50400,
,,,-00.000034650000,  -0.51200,
,,,-00.000033660000,  -0.50400,
,,,-00.000032670000,  -0.50400,
,,,-00.000031680000,  -0.50400,
,,,-00.000030690000,  -0.50400,
,,,-00.000029700000,  -0.50400,
,,,-00.000028710000,  -0.50400,
,,,-00.000027720000,  -0.50400,
,,,-00.000026730000,  -0.50400,
,,,-00.000025740000,  -0.50400,
,,,-00.000024750000,  -0.51200,
,,,-00.000023760000,  -0.51200,
,,,-00.000022770000,  -0.50400,
,,,-00.000021780000,  -0.50400,
,,,-00.000020790000,  -0.50400,
,,,-00.000019800000,  -0.50400,
,,,-00.000018810000,  -0.50400,
,,,-00.000017820000,  -0.50400,
,,,-00.000016830000,  -0.51200,
,,,-00.000015840000,  -0.50400,
,,,-00.000014850000,  -0.51200,
,,,-00.000013860000,  -0.51200,
,,,-00.000012870000,  -0.50400,
,,,-00.000011880000,  -0.50400,
,,,-00.000010890000,  -0.50400,
,,,-00.000009900000,  -0.50400,
,,,-00.000008910000,  -0.50400,
,,,-00.000007920000,  -0.50400,
,,,-00.000006930000,  -0.50400,
,,,-00.000005940000,  -0.50400,
,,,-00.000004950000,  -0.50400,
,,,-00.000003960000,  -0.51200,
,,,-00.000002970000,  -0.51200,
,,,-00.000001980000,  -0.50400,
,,,-00.000000990000,  -0.50400,
,,,-00.000000000000,   0.49600,
,,,00.000000990000,   0.49600,
,,,00.000001980000,   0.49600,
,,,00.000002970000,   0.49600,
,,,00.000003960000,   0.49600,
,,,00.000004950000,   0.49600,
,,,00.000005940000,   0.49600,
,,,00.000006930000,   0.49600,
,,,00.000007920000,   0.49600,
,,,00.000008910000,   0.49600,
,,,00.000009900000,   0.50400,
,,,00.000010890000,   0.49600,
,,,00.000011880000,   0.49600,
,,,00.000012870000,   0.49600,
,,,00.000013860000,   0.50400,
,,,00.000014850000,   0.50400,
,,,00.000015840000,   0.50400,
,,,00.000016830000,   0.50400,
,,,00.000017820000,   0.50400,
,,,00.000018810000,   0.50400,
,,,00.000019800000,   0.50400,
,,,00.000020790000,   0.50400,
,,,00.000021780000,   0.49600,
,,,00.000022770000,   0.50400,
,,,00.000023760000,   0.50400,
,,,00.000024750000,   0.50400,
,,,00.000025740000,   0.50400,
,,,00.000026730000,   0.50400,
,,,00.000027720000,   0.50400,
,,,00.000028710000,   0.50400,
,,,00.000029700000,   0.50400,
,,,00.000030690000,   0.50400,
,,,00.000031680000,   0.50400,
,,,00.000032670000,   0.50400,
,,,00.000033660000,   0.50400,
,,,00.000034650000,   0.50400,
,,,00.000035640000,   0.50400,
,,,00.000036630000,   0.50400,
,,,00.000037620000,   0.50400,
,,,00.000038610000,   0.50400,
,,,00.000039600000,   0.50400,
,,,00.000040590000,   0.50400,
,,,00.000041580000,   0.50400,
,,,00.000042570000,   0.50400,
,,,00.000043560000,   0.50400,
,,,00.000044550000,   0.50400,
,,,00.000045540000,   0.50400,
,,,00.000046530000,   0.50400,
,,,00.000047520000,   0.50400,
,,,00.000048510000,   0.50400,
,,,00.000049500000,   0.50400,
,,,00.000050490000,   0.50400,
,,,00.000051480000,   0.50400,
,,,00.000052470000,   0.50400,
,,,00.000053460000,   0.50400,
,,,00.000054450000,   0.50400,
,,,00.000055440000,   0.50400,
,,,00.000056430000,   0.50400,
,,,00.000057420000,   0.50400,
,,,00.000058410000,   0.50400,
,,,00.000059400000,   0.51200,
,,,00.000060390000,   0.50400,
,,,00.000061380000,   0.50400,
,,,00.000062370000,   0.51200,
,,,00.000063360000,   0.51200,
,,,00.000064350000,   0.50400,
,,,00.000065340000,   0.50400,
,,,00.000066330000,   0.50400,
,,,00.000067320000,   0.50400,
,,,00.000068310000,   0.50400,
,,,00.000069300000,   0.51200,
,,,00.000070290000,   0.50400,
,,,00.000071280000,   0.50400,
,,,00.000072270000,   0.50400,
,,,00.000073260000,   0.50400,
,,,00.000074250000,   0.51200,
,,,00.000075240000,   0.50400,
,,,00.000076230000,   0.51200,
,,,00.000077220000,   0.50400,
,,,00.000078210000,   0.50400,
,,,00.000079200000,   0.50400,
,,,00.000080190000,   0.51200,
,,,00.000081180000,   0.51200,
,,,00.000082170000,   0.50400,
,,,00.000083160000,   0.51200,
,,,00.000084150000,   0.51200,
,,,00.000085140000,   0.51200,
,,,00.000086130000,   0.50400,
,,,00.000087120000,   0.51200,
,,,00.000088110000,   0.51200,
,,,00.000089100000,   0.51200,
,,,00.000090090000,   0.51200,
,,,00.000091080000,   0.50400,
,,,00.000092070000,   0.51200,
,,,00.000093060000,   0.50400,
,,,00.000094050000,   0.50400,
,,,00.000095040000,   0.50400,
,,,00.000096030000,   0.50400,
,,,00.000097020000,   0.51200,
,,,00.000098010000,   0.50400,
,,,00.000099000000,   0.50400,
,,,00.000099990000,   0.50400,
,,,00.000100980000,   0.50400,
,,,00.000101970000,   0.51200,
,,,00.000102960000,   0.51200,
,,,00.000103950000,   0.50400,
,,,00.000104940000,   0.51200,
,,,00.000105930000,   0.51200,
,,,00.000106920000,   0.51200,
,,,00.000107910000,   0.51200,
,,,00.000108900000,   0.50400,
,,,00.000109890000,   0.51200,
,,,00.000110880000,   0.50400,
,,,00.000111870000,   0.51200,
,,,00.000112860000,   0.51200,
,,,00.000113850000,   0.51200,
,,,00.000114840000,   0.51200,
,,,00.000115830000,   0.51200,
,,,00.000116820000,   0.51200,
,,,00.000117810000,   0.51200,
,,,00.000118800000,   0.51200,
,,,00.000119790000,   0.51200,
,,,00.000120780000,   0.51200,
,,,00.000121770000,   0.51200,
,,,00.000122760000,   0.51200,
,,,00.000123750000,   0.51200,
,,,00.000124740000,   0.50400,
,,,00.000125730000,   0.51200,
,,,00.000126720000,   0.51200,
,,,00.000127710000,   0.51200,
,,,00.000128700000,   0.51200,
,,,00.000129690000,   0.51200,
,,,00.000130680000,   0.51200,
,,,00.000131670000,   0.50400,
,,,00.000132660000,   0.51200,
,,,00.000133650000,   0.51200,
,,,00.000134640000,   0.51200,
,,,00.000135630000,   0.50400,
,,,00.000136620000,   0.51200,
,,,00.000137610000,   0.50400,
,,,00.000138600000,   0.51200,
,,,00.000139590000,   0.51200,
,,,00.000140580000,   0.51200,
,,,00.000141570000,   0.51200,
,,,00.000142560000,   0.51200,
,,,00.000143550000,   0.50400,
,,,00.000144540000,   0.50400,
,,,00.000145530000,   0.50400,
,,,00.000146520000,   0.51200,
,,,00.000147510000,   0.51200,
,,,00.000148500000,   0.51200,
,,,00.000149490000,   0.51200,
,,,00.000150480000,   0.51200,
,,,00.000151470000,   0.50400,
,,,00.000152460000,   0.51200,
,,,00.000153450000,   0.51200,
,,,00.000154440000,   0.51200,
,,,00.000155430000,   0.51200,
,,,00.000156420000,   0.51200,
,,,00.000157410000,   0.51200,
,,,00.000158400000,   0.51200,
,,,00.000159390000,   0.51200,
,,,00.000160380000,   0.51200,
,,,00.000161370000,   0.51200,
,,,00.000162360000,   0.51200,
,,,00.000163350000,   0.51200,
,,,00.000164340000,   0.51200,
,,,00.000165330000,   0.51200,
,,,00.000166320000,   0.51200,
,,,00.000167310000,   0.50400,
,,,00.000168300000,   0.50400,
,,,00.000169290000,   0.50400,
,,,00.000170280000,   0.51200,
,,,00.000171270000,   0.50400,
,,,00.000172260000,   0.51200,
,,,00.000173250000,   0.51200,
,,,00.000174240000,   0.51200,
,,,00.000175230000,   0.51200,
,,,00.000176220000,   0.51200,
,,,00.000177210000,   0.51200,
,,,00.000178200000,   0.51200,
,,,00.000179190000,   0.50400,
,,,00.000180180000,   0.51200,
,,,00.000181170000,   0.51200,
,,,00.000182160000,   0.50400,
,,,00.000183150000,   0.50400,
,,,00.000184140000,   0.51200,
,,,00.000185130000,   0.51200,
,,,00.000186120000,   0.51200,
,,,00.000187110000,   0.50400,
,,,00.000188100000,   0.51200,
,,,00.000189090000,   0.51200,
,,,00.000190080000,   0.50400,
,,,00.000191070000,   0.51200,
,,,00.000192060000,   0.50400,
,,,00.000193050000,   0.51200,
,,,00.000194040000,   0.51200,
,,,00.000195030000,   0.50400,
,,,00.000196020000,   0.51200,
,,,00.000197010000,   0.51200,
,,,00.000198000000,   0.51200,
,,,00.000198990000,   0.51200,
,,,00.000199980000,   0.51200,
,,,00.000200970000,   0.51200,
,,,00.000201960000,   0.51200,
,,,00.000202950000,   0.51200,
,,,00.000203940000,   0.51200,
,,,00.000204930000,   0.51200,
,,,00.000205920000,   0.51200,
,,,00.000206910000,   0.51200,
,,,00.000207900000,   0.51200,
,,,00.000208890000,   0.51200,
,,,00.000209880000,   0.51200,
,,,00.000210870000,   0.51200,
,,,00.000211860000,   0.50400,
,,,00.000212850000,   0.51200,
,,,00.000213840000,   0.51200,
,,,00.000214830000,   0.51200,
,,,00.000215820000,   0.51200,
,,,00.000216810000,   0.51200,
,,,00.000217800000,   0.50400,
,,,00.000218790000,   0.50400,
,,,00.000219780000,   0.51200,
,,,00.000220770000,   0.51200,
,,,00.000221760000,   0.51200,
,,,00.000222750000,   0.51200,
,,,00.000223740000,   0.51200,
,,,00.000224730000,   0.51200,
,,,00.000225720000,   0.51200,
,,,00.000226710000,   0.50400,
,,,00.000227700000,   0.51200,
,,,00.000228690000,   0.51200,
,,,00.000229680000,   0.51200,
,,,00.000230670000,   0.51200,
,,,00.000231660000,   0.51200,
,,,00.000232650000,   0.51200,
,,,00.000233640000,   0.51200,
,,,00.000234630000,   0.51200,
,,,00.000235620000,   0.51200,
,,,00.000236610000,   0.51200,
,,,00.000237600000,   0.51200,
,,,00.000238590000,   0.50400,
,,,00.000239580000,   0.51200,
,,,00.000240570000,   0.51200,
,,,00.000241560000,   0.51200,
,,,00.000242550000,   0.50400,
,,,00.000243540000,   0.50400,
,,,00.000244530000,   0.50400,
,,,00.000245520000,   0.51200,
,,,00.000246510000,   0.51200,
,,,00.000247500000,   0.51200,
,,,00.000248490000,   0.51200,
,,,00.000249480000,   0.51200,
,,,00.000250470000,   0.51200,
,,,00.000251460000,   0.51200,
,,,00.000252450000,   0.51200,
,,,00.000253440000,   0.51200,
,,,00.000254430000,   0.50400,
,,,00.000255420000,   0.51200,
,,,00.000256410000,   0.50400,
,,,00.000257400000,   0.51200,
,,,00.000258390000,   0.51200,
,,,00.000259380000,   0.51200,
,,,00.000260370000,   0.51200,
,,,00.000261360000,   0.51200,
,,,00.000262350000,   0.51200,
,,,00.000263340000,   0.51200,
,,,00.000264330000,   0.51200,
,,,00.000265320000,   0.51200,
,,,00.000266310000,   0.51200,
,,,00.000267300000,   0.51200,
,,,00.000268290000,   0.51200,
,,,00.000269280000,   0.50400,
,,,00.000270270000,   0.51200,
,,,00.000271260000,   0.51200,
,,,00.000272250000,   0.51200,
,,,00.000273240000,   0.51200,
,,,00.000274230000,   0.51200,
,,,00.000275220000,   0.51200,
,,,00.000276210000,   0.51200,
,,,00.000277200000,   0.51200,
,,,00.000278190000,   0.51200,
,,,00.000279180000,   0.51200,
,,,00.000280170000,   0.51200,
,,,00.000281160000,   0.50400,
,,,00.000282150000,   0.50400,
,,,00.000283140000,   0.51200,
,,,00.000284130000,   0.51200,
,,,00.000285120000,   0.51200,
,,,00.000286110000,   0.51200,
,,,00.000287100000,   0.51200,
,,,00.000288090000,   0.51200,
,,,00.000289080000,   0.51200,
,,,00.000290070000,   0.51200,
,,,00.000291060000,   0.51200,
,,,00.000292050000,   0.51200,
,,,00.000293040000,   0.51200,
,,,00.000294030000,   0.51200,
,,,00.000295020000,   0.50400,
,,,00.000296010000,   0.51200,
,,,00.000297000000,   0.51200,
,,,00.000297990000,   0.51200,
,,,00.000298980000,   0.51200,
,,,00.000299970000,   0.51200,
,,,00.000300960000,   0.50400,
,,,00.000301950000,   0.51200,
,,,00.000302940000,   0.51200,
,,,00.000303930000,   0.51200,
,,,00.000304920000,   0.50400,
,,,00.000305910000,   0.51200,
,,,00.000306900000,   0.50400,
,,,00.000307890000,   0.51200,
,,,00.000308880000,   0.51200,
,,,00.000309870000,   0.51200,
,,,00.000310860000,   0.50400,
,,,00.000311850000,   0.51200,
,,,00.000312840000,   0.51200,
,,,00.000313830000,   0.51200,
,,,00.000314820000,   0.51200,
,,,00.000315810000,   0.50400,
,,,00.000316800000,   0.51200,
,,,00.000317790000,   0.51200,
,,,00.000318780000,   0.51200,
,,,00.000319770000,   0.51200,
,,,00.000320760000,   0.51200,
,,,00.000321750000,   0.51200,
,,,00.000322740000,   0.51200,
,,,00.000323730000,   0.51200,
,,,00.000324720000,   0.51200,
,,,00.000325710000,   0.51200,
,,,00.000326700000,   0.51200,
,,,00.000327690000,   0.51200,
,,,00.000328680000,   0.51200,
,,,00.000329670000,   0.51200,
,,,00.000330660000,   0.51200,
,,,00.000331650000,   0.50400,
,,,00.000332640000,   0.51200,
,,,00.000333630000,   0.51200,
,,,00.000334620000,   0.51200,
,,,00.000335610000,   0.51200,
,,,00.000336600000,   0.51200,
,,,00.000337590000,   0.51200,
,,,00.000338580000,   0.51200,
,,,00.000339570000,   0.51200,
,,,00.000340560000,   0.51200,
,,,00.000341550000,   0.51200,
,,,00.000342540000,   0.51200,
,,,00.000343530000,   0.51200,
,,,00.000344520000,   0.51200,
,,,00.000345510000,   0.50400,
,,,00.000346500000,   0.51200,
,,,00.000347490000,   0.51200,
,,,00.000348480000,   0.51200,
,,,00.000349470000,   0.51200,
,,,00.000350460000,   0.51200,
,,,00.000351450000,   0.51200,
,,,00.000352440000,   0.50400,
,,,00.000353430000,   0.50400,
,,,00.000354420000,   0.51200,
,,,00.000355410000,   0.51200,
,,,00.000356400000,   0.51200,
,,,00.000357390000,   0.51200,
,,,00.000358380000,   0.51200,
,,,00.000359370000,   0.50400,
,,,00.000360360000,   0.51200,
,,,00.000361350000,   0.50400,
,,,00.000362340000,   0.50400,
,,,00.000363330000,   0.51200,
,,,00.000364320000,   0.51200,
,,,00.000365310000,   0.51200,
,,,00.000366300000,   0.51200,
,,,00.000367290000,   0.51200,
,,,00.000368280000,   0.51200,
,,,00.000369270000,   0.51200,
,,,00.000370260000,   0.51200,
,,,00.000371250000,   0.51200,
,,,00.000372240000,   0.50400,
,,,00.000373230000,   0.50400,
,,,00.000374220000,   0.51200,
,,,00.000375210000,   0.51200,
,,,00.000376200000,   0.51200,
,,,00.000377190000,   0.51200,
,,,00.000378180000,   0.50400,
,,,00.000379170000,   0.51200,
,,,00.000380160000,   0.51200,
,,,00.000381150000,   0.51200,
,,,00.000382140000,   0.51200,
,,,00.000383130000,   0.51200,
,,,00.000384120000,   0.51200,
,,,00.000385110000,   0.51200,
,,,00.000386100000,   0.51200,
,,,00.000387090000,   0.51200,
,,,00.000388080000,   0.51200,
,,,00.000389070000,   0.51200,
,,,00.000390060000,   0.50400,
,,,00.000391050000,   0.51200,
,,,00.000392040000,   0.51200,
,,,00.000393030000,   0.51200,
,,,00.000394020000,   0.51200,
,,,00.000395010000,   0.51200,
,,,00.000396000000,   0.51200,
,,,00.000396990000,   0.51200,
,,,00.000397980000,   0.51200,
,,,00.000398970000,   0.51200,
,,,00.000399960000,   0.51200,
,,,00.000400950000,   0.51200,
,,,00.000401940000,   0.51200,
,,,00.000402930000,   0.51200,
,,,00.000403920000,   0.51200,
,,,00.000404910000,   0.51200,
,,,00.000405900000,   0.50400,
,,,00.000406890000,   0.50400,
,,,00.000407880000,   0.51200,
,,,00.000408870000,   0.51200,
,,,00.000409860000,   0.51200,
,,,00.000410850000,   0.51200,
,,,00.000411840000,   0.51200,
,,,00.000412830000,   0.51200,
,,,00.000413820000,   0.51200,
,,,00.000414810000,   0.51200,
,,,00.000415800000,   0.51200,
,,,00.000416790000,   0.51200,
,,,00.000417780000,   0.51200,
,,,00.000418770000,   0.51200,
,,,00.000419760000,   0.51200,
,,,00.000420750000,   0.51200,
,,,00.000421740000,   0.51200,
,,,00.000422730000,   0.51200,
,,,00.000423720000,   0.51200,
,,,00.000424710000,   0.51200,
,,,00.000425700000,   0.51200,
,,,00.000426690000,   0.51200,
,,,00.000427680000,   0.51200,
,,,00.000428670000,   0.51200,
,,,00.000429660000,   0.51200,
,,,00.000430650000,   0.51200,
,,,00.000431640000,   0.51200,
,,,00.000432630000,   0.51200,
,,,00.000433620000,   0.51200,
,,,00.000434610000,   0.51200,
,,,00.000435600000,   0.51200,
,,,00.000436590000,   0.51200,
,,,00.000437580000,   0.51200,
,,,00.000438570000,   0.51200,
,,,00.000439560000,   0.51200,
,,,00.000440550000,   0.51200,
,,,00.000441540000,   0.51200,
,,,00.000442530000,   0.51200,
,,,00.000443520000,   0.51200,
,,,00.000444510000,   0.51200,
,,,00.000445500000,   0.51200,
,,,00.000446490000,   0.51200,
,,,00.000447480000,   0.51200,
,,,00.000448470000,   0.51200,
,,,00.000449460000,   0.51200,
,,,00.000450450000,   0.51200,
,,,00.000451440000,   0.51200,
,,,00.000452430000,   0.51200,
,,,00.000453420000,   0.51200,
,,,00.000454410000,   0.51200,
,,,00.000455400000,   0.51200,
,,,00.000456390000,   0.51200,
,,,00.000457380000,   0.51200,
,,,00.000458370000,   0.51200,
,,,00.000459360000,   0.51200,
,,,00.000460350000,   0.51200,
,,,00.000461340000,   0.51200,
,,,00.000462330000,   0.51200,
,,,00.000463320000,   0.51200,
,,,00.000464310000,   0.51200,
,,,00.000465300000,   0.50400,
,,,00.000466290000,   0.51200,
,,,00.000467280000,   0.51200,
,,,00.000468270000,   0.50400,
,,,00.000469260000,   0.51200,
,,,00.000470250000,   0.51200,
,,,00.000471240000,   0.50400,
,,,00.000472230000,   0.51200,
,,,00.000473220000,   0.51200,
,,,00.000474210000,   0.51200,
,,,00.000475200000,   0.51200,
,,,00.000476190000,   0.51200,
,,,00.000477180000,   0.51200,
,,,00.000478170000,   0.51200,
,,,00.000479160000,   0.51200,
,,,00.000480150000,   0.51200,
,,,00.000481140000,   0.50400,
,,,00.000482130000,   0.50400,
,,,00.000483120000,   0.51200,
,,,00.000484110000,   0.51200,
,,,00.000485100000,   0.50400,
,,,00.000486090000,   0.51200,
,,,00.000487080000,   0.51200,
,,,00.000488070000,   0.51200,
,,,00.000489060000,   0.51200,
,,,00.000490050000,   0.51200,
,,,00.000491040000,   0.51200,
,,,00.000492030000,   0.51200,
,,,00.000493020000,   0.51200,
,,,00.000494010000,   0.51200,
,,,00.000495000000,   0.50400,
,,,00.000495990000,   0.51200,
,,,00.000496980000,   0.50400,
,,,00.000497970000,   0.50400,
,,,00.000498960000,   0.51200,
,,,00.000499950000,  -0.48800,
,,,00.000500940000,  -0.48800,
,,,00.000501930000,  -0.48800,
,,,00.000502920000,  -0.49600,
,,,00.000503910000,  -0.49600,
,,,00.000504900000,  -0.49600,
,,,00.000505890000,  -0.49600,
,,,00.000506880000,  -0.49600,
,,,00.000507870000,  -0.49600,
,,,00.000508860000,  -0.49600,
,,,00.000509850000,  -0.49600,
,,,00.000510840000,  -0.49600,
,,,00.000511830000,  -0.49600,
,,,00.000512820000,  -0.49600,
,,,00.000513810000,  -0.49600,
,,,00.000514800000,  -0.49600,
,,,00.000515790000,  -0.49600,
,,,00.000516780000,  -0.49600,
,,,00.000517770000,  -0.49600,
,,,00.000518760000,  -0.49600,
,,,00.000519750000,  -0.49600,
,,,00.000520740000,  -0.50400,
,,,00.000521730000,  -0.50400,
,,,00.000522720000,  -0.50400,
,,,00.000523710000,  -0.49600,
,,,00.000524700000,  -0.49600,
,,,00.000525690000,  -0.50400,
,,,00.000526680000,  -0.49600,
,,,00.000527670000,  -0.50400,
,,,00.000528660000,  -0.50400,
,,,00.000529650000,  -0.50400,
,,,00.000530640000,  -0.50400,
,,,00.000531630000,  -0.50400,
,,,00.000532620000,  -0.49600,
,,,00.000533610000,  -0.50400,
,,,00.000534600000,  -0.50400,
,,,00.000535590000,  -0.50400,
,,,00.000536580000,  -0.50400,
,,,00.000537570000,  -0.50400,
,,,00.000538560000,  -0.50400,
,,,00.000539550000,  -0.50400,
,,,00.000540540000,  -0.50400,
,,,00.000541530000,  -0.50400,
,,,00.000542520000,  -0.50400,
,,,00.000543510000,  -0.50400,
,,,00.000544500000,  -0.50400,
,,,00.000545490000,  -0.50400,
,,,00.000546480000,  -0.50400,
,,,00.000547470000,  -0.50400,
,,,00.000548460000,  -0.49600,
,,,00.000549450000,  -0.50400,
,,,00.000550440000,  -0.50400,
,,,00.000551430000,  -0.50400,
,,,00.000552420000,  -0.50400,
,,,00.000553410000,  -0.50400,
,,,00.000554400000,  -0.49600,
,,,00.000555390000,  -0.50400,
,,,00.000556380000,  -0.50400,
,,,00.000557370000,  -0.50400,
,,,00.000558360000,  -0.50400,
,,,00.000559350000,  -0.50400,
,,,00.000560340000,  -0.50400,
,,,00.000561330000,  -0.50400,
,,,00.000562320000,  -0.50400,
,,,00.000563310000,  -0.50400,
