# x,y,error
0.000000000000000000e+00,0.000000000000000000e+00,5.051153892138809942e-02
2.000000000000000111e-01,-2.999999999999999889e-01,5.105300022659706172e-02
-5.999999999999999778e-01,-4.000000000000000222e-01,5.180860392070092690e-02
-5.000000000000000000e-01,-2.999999999999999889e-01,5.157040409565612216e-02
-1.000000000000000000e+00,5.000000000000000000e-01,5.124823925463913021e-02
-6.999999999999999556e-01,4.000000000000000222e-01,5.172359385555674871e-02
-5.000000000000000000e-01,1.500000000000000000e+00,5.038872426851139646e-02
2.000000000000000111e-01,6.999999999999999556e-01,5.058436747023125485e-02
-4.000000000000000222e-01,1.100000000000000089e+00,5.010428082229419905e-02
2.000000000000000111e-01,5.000000000000000000e-01,5.034503009260170303e-02
2.999999999999999889e-01,-5.999999999999999778e-01,5.113961494610179404e-02
1.000000000000000056e-01,-1.100000000000000089e+00,5.107365317452576547e-02
8.000000000000000444e-01,-1.600000000000000089e+00,5.091322221873820220e-02
8.000000000000000444e-01,-1.399999999999999911e+00,5.079457225516328944e-02
2.000000000000000111e-01,-1.500000000000000000e+00,5.076288627010140664e-02
0.000000000000000000e+00,-6.999999999999999556e-01,5.125516576871982921e-02
1.000000000000000056e-01,-2.999999999999999889e-01,5.083892220750059476e-02
5.999999999999999778e-01,-1.600000000000000089e+00,5.090781797749929782e-02
1.000000000000000000e+00,-6.999999999999999556e-01,5.034951608758490155e-02
8.000000000000000444e-01,-5.999999999999999778e-01,4.981902955682570439e-02
6.999999999999999556e-01,-1.000000000000000056e-01,5.116358973211466293e-02
2.000000000000000111e-01,0.000000000000000000e+00,5.049095580728304306e-02
1.000000000000000056e-01,5.999999999999999778e-01,5.096099421186439660e-02
1.100000000000000089e+00,1.199999999999999956e+00,5.110811113405151068e-02
1.100000000000000089e+00,8.000000000000000444e-01,5.066551080936535639e-02
2.000000000000000111e-01,6.999999999999999556e-01,5.183320961083630329e-02
-5.999999999999999778e-01,-1.000000000000000056e-01,5.141988090326082839e-02
1.000000000000000056e-01,-2.999999999999999889e-01,5.152040788217483736e-02
8.000000000000000444e-01,6.999999999999999556e-01,5.168939322967572997e-02
1.399999999999999911e+00,-5.999999999999999778e-01,5.199605944693339726e-02
1.199999999999999956e+00,-1.000000000000000056e-01,5.017939384454033619e-02
5.000000000000000000e-01,-6.999999999999999556e-01,5.039705161958013546e-02
1.199999999999999956e+00,5.000000000000000000e-01,5.101015607449932432e-02
1.000000000000000000e+00,-1.000000000000000056e-01,5.076282389621027819e-02
1.399999999999999911e+00,-5.999999999999999778e-01,5.106318071321238466e-02
1.000000000000000000e+00,-4.000000000000000222e-01,5.112483414191869302e-02
1.100000000000000089e+00,4.000000000000000222e-01,5.163216926627143405e-02
9.000000000000000222e-01,8.000000000000000444e-01,5.118688307523324571e-02
8.000000000000000444e-01,2.000000000000000111e-01,5.026847574384372963e-02
5.999999999999999778e-01,0.000000000000000000e+00,5.084348057482969419e-02
8.000000000000000444e-01,1.000000000000000056e-01,5.162504954228681886e-02
1.699999999999999956e+00,4.000000000000000222e-01,5.142370187700488066e-02
1.399999999999999911e+00,2.999999999999999889e-01,5.053018487139139536e-02
1.199999999999999956e+00,-5.000000000000000000e-01,5.085035282881794627e-02
6.999999999999999556e-01,-5.999999999999999778e-01,5.162349628915942346e-02
2.000000000000000111e-01,2.000000000000000111e-01,5.063194979103428917e-02
-5.999999999999999778e-01,0.000000000000000000e+00,5.201734965641357372e-02
-8.000000000000000444e-01,2.999999999999999889e-01,5.082099606586742285e-02
-2.999999999999999889e-01,5.000000000000000000e-01,5.096857723802857010e-02
-2.000000000000000111e-01,0.000000000000000000e+00,5.060765110968169778e-02
-2.999999999999999889e-01,0.000000000000000000e+00,5.126436550494720135e-02
-9.000000000000000222e-01,-2.000000000000000111e-01,5.104190472129833261e-02
-6.999999999999999556e-01,1.000000000000000000e+00,5.183391305795329723e-02
-5.999999999999999778e-01,-2.000000000000000111e-01,5.211261622621699702e-02
5.000000000000000000e-01,-2.000000000000000111e-01,5.060987046470610817e-02
2.000000000000000111e-01,-1.899999999999999911e+00,5.229717014895705202e-02
4.000000000000000222e-01,-2.999999999999999889e-01,5.111842674752627158e-02
5.999999999999999778e-01,-2.999999999999999889e-01,5.117108687337988682e-02
5.000000000000000000e-01,0.000000000000000000e+00,5.218463362980970549e-02
6.999999999999999556e-01,5.999999999999999778e-01,4.995800428665779502e-02
6.999999999999999556e-01,1.600000000000000089e+00,5.114961929427394582e-02
1.100000000000000089e+00,6.999999999999999556e-01,5.135993372727781087e-02
1.399999999999999911e+00,-5.999999999999999778e-01,5.159138215050093623e-02
1.199999999999999956e+00,4.000000000000000222e-01,5.076430221937729831e-02
1.000000000000000056e-01,2.000000000000000111e-01,5.120452526637475632e-02
-1.000000000000000056e-01,2.100000000000000089e+00,5.120796331468302487e-02
-4.000000000000000222e-01,1.300000000000000044e+00,5.147827509483802327e-02
-1.000000000000000000e+00,2.000000000000000000e+00,5.124164358674634240e-02
-4.000000000000000222e-01,9.000000000000000222e-01,5.103929134992939154e-02
2.000000000000000111e-01,4.000000000000000222e-01,5.144316693683069486e-02
2.000000000000000111e-01,-4.000000000000000222e-01,5.089559601777998016e-02
6.999999999999999556e-01,8.000000000000000444e-01,5.133332214843202429e-02
-2.000000000000000111e-01,6.999999999999999556e-01,5.216557700201849418e-02
0.000000000000000000e+00,1.000000000000000000e+00,5.227733775617902923e-02
4.000000000000000222e-01,1.000000000000000000e+00,5.172713522435524319e-02
5.999999999999999778e-01,-1.000000000000000056e-01,5.186497703231523343e-02
-1.000000000000000056e-01,1.000000000000000000e+00,5.172992629778966345e-02
-1.000000000000000000e+00,1.000000000000000000e+00,5.136061845240666446e-02
-1.199999999999999956e+00,2.200000000000000178e+00,5.116207909917280111e-02
-6.999999999999999556e-01,5.999999999999999778e-01,5.168595447183517433e-02
-5.000000000000000000e-01,1.699999999999999956e+00,5.174753379482530113e-02
5.000000000000000000e-01,1.899999999999999911e+00,5.146827360884567715e-02
4.000000000000000222e-01,2.200000000000000178e+00,5.074051474545208246e-02
9.000000000000000222e-01,1.600000000000000089e+00,5.135866920507209388e-02
1.699999999999999956e+00,2.799999999999999822e+00,5.218918686441583604e-02
1.300000000000000044e+00,1.500000000000000000e+00,5.204154690041360581e-02
2.000000000000000000e+00,8.000000000000000444e-01,5.167995282767784415e-02
2.299999999999999822e+00,-1.100000000000000089e+00,5.079414210014719655e-02
2.200000000000000178e+00,-9.000000000000000222e-01,5.193419751591511757e-02
2.200000000000000178e+00,-2.000000000000000111e-01,5.168785433803446683e-02
4.000000000000000222e-01,-2.000000000000000111e-01,5.209843724309812241e-02
6.999999999999999556e-01,-2.999999999999999889e-01,5.146551437202279145e-02
6.999999999999999556e-01,2.999999999999999889e-01,5.085684765396262380e-02
1.500000000000000000e+00,5.000000000000000000e-01,5.159584910559517068e-02
2.000000000000000000e+00,8.000000000000000444e-01,5.202186897346897099e-02
2.000000000000000000e+00,2.000000000000000111e-01,5.181203931961345793e-02
3.100000000000000089e+00,1.300000000000000044e+00,5.225765119088737060e-02
2.000000000000000000e+00,5.999999999999999778e-01,5.110771844168358197e-02
1.500000000000000000e+00,5.000000000000000000e-01,5.096373968408067501e-02
2.299999999999999822e+00,-1.000000000000000056e-01,5.182215503904772508e-02
1.899999999999999911e+00,-4.000000000000000222e-01,5.187890438368862600e-02
8.000000000000000444e-01,-8.000000000000000444e-01,5.178186235102783669e-02
-1.000000000000000056e-01,-2.700000000000000178e+00,5.192699974085979164e-02
1.000000000000000056e-01,-1.000000000000000000e+00,5.215441049139599855e-02
-5.000000000000000000e-01,-5.000000000000000000e-01,5.157420137323898840e-02
6.999999999999999556e-01,1.000000000000000056e-01,5.215688004038718240e-02
1.199999999999999956e+00,-6.999999999999999556e-01,5.168416814489537603e-02
4.000000000000000222e-01,-4.000000000000000222e-01,5.088945607522826070e-02
8.000000000000000444e-01,6.999999999999999556e-01,5.036347359421899927e-02
2.500000000000000000e+00,4.000000000000000222e-01,5.121062623670663561e-02
8.000000000000000444e-01,1.399999999999999911e+00,5.149698347479009231e-02
5.999999999999999778e-01,1.100000000000000089e+00,5.206107397472414799e-02
2.000000000000000111e-01,-1.000000000000000056e-01,5.182268086785889877e-02
-5.999999999999999778e-01,5.000000000000000000e-01,5.281728638340544429e-02
-9.000000000000000222e-01,9.000000000000000222e-01,5.238727339696258589e-02
-9.000000000000000222e-01,8.000000000000000444e-01,5.201795836544489959e-02
-8.000000000000000444e-01,2.100000000000000089e+00,5.322368696699717600e-02
2.999999999999999889e-01,6.999999999999999556e-01,5.186888376277740131e-02
-2.000000000000000111e-01,1.800000000000000044e+00,5.207054617119419998e-02
0.000000000000000000e+00,2.100000000000000089e+00,5.280606080140577696e-02
1.300000000000000044e+00,2.200000000000000178e+00,5.160192614273785561e-02
1.600000000000000089e+00,2.000000000000000000e+00,5.140642445792998477e-02
1.699999999999999956e+00,2.200000000000000178e+00,5.144419589051485442e-02
1.600000000000000089e+00,3.399999999999999911e+00,5.149432898281529336e-02
9.000000000000000222e-01,3.299999999999999822e+00,5.182859706122814464e-02
8.000000000000000444e-01,3.600000000000000089e+00,5.167980156340881009e-02
8.000000000000000444e-01,2.600000000000000089e+00,5.128760009613389514e-02
-6.999999999999999556e-01,1.100000000000000089e+00,5.019035698569300485e-02
-9.000000000000000222e-01,1.899999999999999911e+00,5.115461773572681226e-02
-1.800000000000000044e+00,2.200000000000000178e+00,5.181481494048150588e-02
-2.000000000000000000e+00,2.500000000000000000e+00,5.262275792548771342e-02
-2.399999999999999911e+00,8.000000000000000444e-01,5.305237498968914944e-02
-1.699999999999999956e+00,9.000000000000000222e-01,5.224384452869289958e-02
-1.899999999999999911e+00,5.999999999999999778e-01,5.117497964527264326e-02
-1.899999999999999911e+00,9.000000000000000222e-01,5.137312371097495917e-02
-1.000000000000000000e+00,2.999999999999999889e-01,5.001211509625490270e-02
0.000000000000000000e+00,-1.000000000000000056e-01,5.149990487486968277e-02
1.000000000000000056e-01,5.000000000000000000e-01,5.041255332807634271e-02
-1.000000000000000056e-01,1.500000000000000000e+00,5.048928005700606403e-02
5.999999999999999778e-01,8.000000000000000444e-01,5.060908818499022105e-02
2.999999999999999889e-01,1.000000000000000056e-01,5.126136046850090361e-02
8.000000000000000444e-01,-4.000000000000000222e-01,5.122345641406854388e-02
1.600000000000000089e+00,1.000000000000000056e-01,5.107420825486407023e-02
1.100000000000000089e+00,-2.000000000000000111e-01,5.143277165901480319e-02
9.000000000000000222e-01,-1.000000000000000056e-01,5.253668535234383430e-02
0.000000000000000000e+00,4.000000000000000222e-01,5.104209668674252603e-02
-2.000000000000000111e-01,-5.999999999999999778e-01,5.075031645538968100e-02
-1.000000000000000056e-01,-1.500000000000000000e+00,5.118237614701964810e-02
-1.300000000000000044e+00,-1.300000000000000044e+00,5.173569614563493235e-02
-8.000000000000000444e-01,5.999999999999999778e-01,5.214080346824667006e-02
-1.500000000000000000e+00,-4.000000000000000222e-01,5.159616645355494247e-02
-1.399999999999999911e+00,2.999999999999999889e-01,5.193400291476926722e-02
-1.600000000000000089e+00,-5.000000000000000000e-01,5.179493556618315619e-02
-1.800000000000000044e+00,0.000000000000000000e+00,5.164684268123463651e-02
-1.399999999999999911e+00,-2.999999999999999889e-01,5.087844387491106263e-02
-1.600000000000000089e+00,-1.699999999999999956e+00,5.121242708018529377e-02
-1.800000000000000044e+00,-6.999999999999999556e-01,5.149152146736894753e-02
-9.000000000000000222e-01,-2.100000000000000089e+00,5.132405374588819985e-02
-1.000000000000000056e-01,-1.399999999999999911e+00,5.023822524704864290e-02
5.999999999999999778e-01,-2.999999999999999889e-01,5.134487483841209537e-02
5.000000000000000000e-01,-4.000000000000000222e-01,5.163788378250292604e-02
-2.000000000000000111e-01,-1.000000000000000000e+00,5.123359176130425768e-02
2.000000000000000111e-01,-9.000000000000000222e-01,4.958869223451865815e-02
5.999999999999999778e-01,2.999999999999999889e-01,5.050649677795587822e-02
5.999999999999999778e-01,2.000000000000000111e-01,5.099756321732865083e-02
2.000000000000000111e-01,-8.000000000000000444e-01,5.098032627675110756e-02
1.000000000000000056e-01,-1.100000000000000089e+00,5.103146083796533672e-02
5.000000000000000000e-01,-1.199999999999999956e+00,5.111486032044412070e-02
5.000000000000000000e-01,-1.500000000000000000e+00,5.181227880668817787e-02
5.000000000000000000e-01,4.000000000000000222e-01,5.149318692308493123e-02
1.199999999999999956e+00,1.199999999999999956e+00,5.046413152310497835e-02
8.000000000000000444e-01,-6.999999999999999556e-01,5.168831434014076881e-02
6.999999999999999556e-01,-8.000000000000000444e-01,5.151063094627689881e-02
1.100000000000000089e+00,-1.800000000000000044e+00,5.164739459040849912e-02
8.000000000000000444e-01,-2.000000000000000111e-01,5.031862352006419292e-02
4.000000000000000222e-01,-1.000000000000000056e-01,5.168163522370158164e-02
-5.000000000000000000e-01,-6.999999999999999556e-01,5.030314311510514919e-02
9.000000000000000222e-01,-9.000000000000000222e-01,5.236540192967787527e-02
1.100000000000000089e+00,-5.999999999999999778e-01,5.181135301361886741e-02
1.199999999999999956e+00,0.000000000000000000e+00,5.083854351550926021e-02
5.999999999999999778e-01,-5.999999999999999778e-01,5.086178846672304021e-02
9.000000000000000222e-01,4.000000000000000222e-01,5.096013627032843635e-02
2.999999999999999889e-01,1.000000000000000000e+00,5.020699785399538456e-02
-2.000000000000000111e-01,1.100000000000000089e+00,5.039072227912724106e-02
2.999999999999999889e-01,9.000000000000000222e-01,5.027492014461703435e-02
2.999999999999999889e-01,4.000000000000000222e-01,4.997521787979152669e-02
4.000000000000000222e-01,5.000000000000000000e-01,5.029115398566619266e-02
5.999999999999999778e-01,1.100000000000000089e+00,4.957812897619699732e-02
0.000000000000000000e+00,1.600000000000000089e+00,5.031565817637784210e-02
-2.999999999999999889e-01,3.500000000000000000e+00,5.002844800048824453e-02
2.999999999999999889e-01,2.299999999999999822e+00,5.059794457632512538e-02
2.999999999999999889e-01,1.500000000000000000e+00,4.985805486594566821e-02
-2.000000000000000111e-01,2.799999999999999822e+00,5.032088527966863817e-02
2.000000000000000111e-01,3.000000000000000000e+00,5.075761857996989590e-02
6.999999999999999556e-01,2.100000000000000089e+00,5.037613047837041780e-02
8.000000000000000444e-01,9.000000000000000222e-01,4.965453796061566893e-02
9.000000000000000222e-01,1.500000000000000000e+00,5.011776473747048266e-02
9.000000000000000222e-01,2.399999999999999911e+00,5.033160473303869425e-02
8.000000000000000444e-01,8.000000000000000444e-01,5.066861638807466234e-02
1.100000000000000089e+00,-2.000000000000000111e-01,5.056701049795876007e-02
1.399999999999999911e+00,-8.000000000000000444e-01,5.063463715692548966e-02
1.500000000000000000e+00,-6.999999999999999556e-01,5.135909117161200493e-02
1.199999999999999956e+00,-1.399999999999999911e+00,5.100916437621533239e-02
-5.000000000000000000e-01,-2.000000000000000000e+00,5.052532167045874212e-02
-5.000000000000000000e-01,-6.999999999999999556e-01,4.986140775324533758e-02
-4.000000000000000222e-01,-1.000000000000000056e-01,4.947619837642200369e-02
-1.199999999999999956e+00,6.999999999999999556e-01,4.970578884705743883e-02
-1.100000000000000089e+00,1.000000000000000056e-01,4.935719234908169523e-02
-2.999999999999999889e-01,-1.100000000000000089e+00,5.071997840294698023e-02
-1.199999999999999956e+00,-1.300000000000000044e+00,5.016450844823933802e-02
-2.500000000000000000e+00,-1.500000000000000000e+00,4.994845160906411646e-02
-2.899999999999999911e+00,-2.000000000000000000e+00,5.126538988764226673e-02
-2.999999999999999889e-01,-1.000000000000000000e+00,4.990326631196642659e-02
2.000000000000000111e-01,-9.000000000000000222e-01,5.016613265859044823e-02
-2.999999999999999889e-01,-2.000000000000000111e-01,5.042552695676224411e-02
-4.000000000000000222e-01,-9.000000000000000222e-01,5.075823533262007609e-02
-2.999999999999999889e-01,-1.699999999999999956e+00,4.965490671494568464e-02
-5.999999999999999778e-01,-3.000000000000000000e+00,5.066666392574252498e-02
-1.899999999999999911e+00,-2.500000000000000000e+00,5.054053720403280103e-02
-1.600000000000000089e+00,-1.800000000000000044e+00,5.071964299558483907e-02
-1.000000000000000000e+00,-1.800000000000000044e+00,5.009818928712941877e-02
-6.999999999999999556e-01,-3.100000000000000089e+00,5.070408122737901646e-02
-1.300000000000000044e+00,-3.000000000000000000e+00,4.992474323416171839e-02
-1.199999999999999956e+00,-2.100000000000000089e+00,5.046616438390281317e-02
-2.000000000000000111e-01,-3.299999999999999822e+00,5.004183653800114290e-02
-5.999999999999999778e-01,-2.100000000000000089e+00,5.066067478691618775e-02
-8.000000000000000444e-01,-2.399999999999999911e+00,5.121201796171730852e-02
2.999999999999999889e-01,-1.000000000000000000e+00,5.017578683880966756e-02
4.000000000000000222e-01,1.100000000000000089e+00,5.223954624648301931e-02
-4.000000000000000222e-01,-3.799999999999999822e+00,5.150603616707219445e-02
-2.999999999999999889e-01,-3.200000000000000178e+00,5.127390753499388998e-02
-9.000000000000000222e-01,-3.899999999999999911e+00,5.148510156877985494e-02
-8.000000000000000444e-01,-2.500000000000000000e+00,5.100517502480948762e-02
-1.000000000000000000e+00,-3.500000000000000000e+00,5.022578258531031764e-02
-1.100000000000000089e+00,-2.299999999999999822e+00,5.039890095895929040e-02
-5.000000000000000000e-01,-1.500000000000000000e+00,5.007869896101526525e-02
-1.000000000000000000e+00,-2.700000000000000178e+00,5.031468071432522449e-02
-8.000000000000000444e-01,-1.699999999999999956e+00,5.085654950086027082e-02
-5.000000000000000000e-01,-1.500000000000000000e+00,4.950537721148762921e-02
9.000000000000000222e-01,-1.300000000000000044e+00,4.975835221659194452e-02
6.999999999999999556e-01,-2.100000000000000089e+00,4.980993586470435636e-02
1.000000000000000056e-01,-1.699999999999999956e+00,4.971320918008299838e-02
-2.000000000000000111e-01,-2.200000000000000178e+00,5.050613055661537509e-02
6.999999999999999556e-01,-2.399999999999999911e+00,5.001015910982881119e-02
1.899999999999999911e+00,-1.800000000000000044e+00,5.056892278883747677e-02
1.800000000000000044e+00,-2.299999999999999822e+00,5.019401191142534163e-02
2.200000000000000178e+00,-3.399999999999999911e+00,5.089852662080711354e-02
1.000000000000000000e+00,-1.500000000000000000e+00,5.105670922514735088e-02
1.000000000000000000e+00,-1.500000000000000000e+00,5.113555020766225034e-02
1.600000000000000089e+00,-5.999999999999999778e-01,5.073024205251865093e-02
1.199999999999999956e+00,-1.300000000000000044e+00,5.083913816447675760e-02
5.000000000000000000e-01,-2.100000000000000089e+00,5.147092678473477734e-02
6.999999999999999556e-01,-1.899999999999999911e+00,5.104399987039492936e-02
1.000000000000000056e-01,-2.000000000000000000e+00,5.070216495544348917e-02
-2.000000000000000111e-01,-3.500000000000000000e+00,5.132247389622938277e-02
0.000000000000000000e+00,-1.199999999999999956e+00,5.063003461102938418e-02
-1.000000000000000056e-01,-1.800000000000000044e+00,5.073174682161231408e-02
-5.999999999999999778e-01,-1.600000000000000089e+00,5.169058653110117363e-02
-1.000000000000000000e+00,-2.700000000000000178e+00,5.034887621366041649e-02
-4.000000000000000222e-01,-1.600000000000000089e+00,5.078386259262521879e-02
1.000000000000000056e-01,-3.000000000000000000e+00,5.070399403377041925e-02
9.000000000000000222e-01,-2.000000000000000000e+00,5.047234580872365234e-02
4.000000000000000222e-01,-2.200000000000000178e+00,5.082814183556406962e-02
0.000000000000000000e+00,-4.200000000000000178e+00,5.116775197766431499e-02
4.000000000000000222e-01,-4.400000000000000355e+00,4.988828487980114662e-02
1.000000000000000000e+00,-5.900000000000000355e+00,5.129821711443747351e-02
1.100000000000000089e+00,-4.099999999999999645e+00,5.079261310967708026e-02
4.000000000000000222e-01,-4.299999999999999822e+00,5.107960631040624200e-02
-6.999999999999999556e-01,-4.700000000000000178e+00,5.113243403789082681e-02
-6.999999999999999556e-01,-6.400000000000000355e+00,5.114366081784429280e-02
-5.000000000000000000e-01,-5.000000000000000000e+00,5.098155297594743340e-02
-5.000000000000000000e-01,-4.799999999999999822e+00,5.036353067003751516e-02
-5.999999999999999778e-01,-4.400000000000000355e+00,5.039175542737064223e-02
-9.000000000000000222e-01,-5.500000000000000000e+00,5.049664747921350783e-02
-2.000000000000000111e-01,-6.400000000000000355e+00,5.030152106036302195e-02
1.000000000000000056e-01,-5.299999999999999822e+00,5.047801189532017535e-02
5.999999999999999778e-01,-5.400000000000000355e+00,5.122752201267557343e-02
4.000000000000000222e-01,-5.500000000000000000e+00,4.966673991712161618e-02
-6.999999999999999556e-01,-6.000000000000000000e+00,5.097690323804651008e-02
1.000000000000000056e-01,-5.400000000000000355e+00,5.018012734123714069e-02
-1.000000000000000056e-01,-6.099999999999999645e+00,5.055389399448646792e-02
-1.300000000000000044e+00,-5.599999999999999645e+00,5.124545062841629611e-02
-2.299999999999999822e+00,-5.700000000000000178e+00,5.042482034928487400e-02
-2.500000000000000000e+00,-5.799999999999999822e+00,4.997957383149288085e-02
-1.500000000000000000e+00,-4.500000000000000000e+00,4.998357451292680109e-02
-6.999999999999999556e-01,-5.299999999999999822e+00,5.100797284627485439e-02
-1.000000000000000000e+00,-5.400000000000000355e+00,5.065608602292341611e-02
-1.000000000000000000e+00,-5.200000000000000178e+00,5.131917036158045731e-02
-1.000000000000000000e+00,-4.000000000000000000e+00,4.999446331771421198e-02
-8.000000000000000444e-01,-1.899999999999999911e+00,5.065591053157527529e-02
-9.000000000000000222e-01,-1.300000000000000044e+00,5.024766710997623231e-02
-2.200000000000000178e+00,-8.000000000000000444e-01,5.021632046371896779e-02
-1.500000000000000000e+00,-5.999999999999999778e-01,5.021863135149604723e-02
-1.399999999999999911e+00,-2.200000000000000178e+00,4.981858818620518714e-02
-1.399999999999999911e+00,-1.500000000000000000e+00,5.069449115064978556e-02
-1.199999999999999956e+00,-2.500000000000000000e+00,5.044067764254545061e-02
6.999999999999999556e-01,-1.000000000000000000e+00,5.085507317337806255e-02
1.000000000000000000e+00,-1.800000000000000044e+00,5.068041069190550030e-02
1.000000000000000056e-01,-2.700000000000000178e+00,5.034412742949645470e-02
2.000000000000000111e-01,-2.399999999999999911e+00,5.073337515592654667e-02
2.999999999999999889e-01,-1.899999999999999911e+00,5.001412018856351421e-02
5.000000000000000000e-01,-2.999999999999999889e-01,5.024678044356324647e-02
4.000000000000000222e-01,-9.000000000000000222e-01,5.036950201338062649e-02
-2.999999999999999889e-01,-1.000000000000000000e+00,4.982861702203839754e-02
-1.100000000000000089e+00,-1.100000000000000089e+00,5.077144426698201179e-02
-5.999999999999999778e-01,-2.999999999999999889e-01,4.998479499701005691e-02
-1.000000000000000000e+00,-8.000000000000000444e-01,4.997151377719558779e-02
-1.399999999999999911e+00,-1.699999999999999956e+00,4.957442562889531612e-02
-1.000000000000000000e+00,-2.000000000000000000e+00,5.041555293029164470e-02
-9.000000000000000222e-01,-2.500000000000000000e+00,5.010397517629875536e-02
0.000000000000000000e+00,-2.200000000000000178e+00,5.015386905104764204e-02
1.000000000000000056e-01,-1.899999999999999911e+00,5.046528843919319274e-02
2.999999999999999889e-01,-2.500000000000000000e+00,4.976200590662706313e-02
5.000000000000000000e-01,-3.600000000000000089e+00,5.069547845138455688e-02
8.000000000000000444e-01,-2.700000000000000178e+00,4.970734275414596254e-02
-2.000000000000000111e-01,-2.299999999999999822e+00,5.025269195440823511e-02
-6.999999999999999556e-01,-1.000000000000000000e+00,4.936813396113472197e-02
-6.999999999999999556e-01,-1.399999999999999911e+00,5.045341974425436582e-02
-1.100000000000000089e+00,-2.200000000000000178e+00,5.019437534174836513e-02
-5.999999999999999778e-01,-2.299999999999999822e+00,5.012653727054149078e-02
-5.999999999999999778e-01,-2.799999999999999822e+00,5.005655127799328585e-02
-1.000000000000000056e-01,-1.100000000000000089e+00,4.984001467921948814e-02
-1.800000000000000044e+00,-1.500000000000000000e+00,4.965970185436778539e-02
-1.000000000000000000e+00,-1.000000000000000000e+00,5.039808200785525494e-02
-5.000000000000000000e-01,-2.299999999999999822e+00,5.019767536211313524e-02
5.999999999999999778e-01,-1.000000000000000000e+00,5.061275727889950199e-02
1.000000000000000000e+00,-2.399999999999999911e+00,5.003951995840081463e-02
8.000000000000000444e-01,-1.100000000000000089e+00,5.039371401516572202e-02
-2.999999999999999889e-01,-1.699999999999999956e+00,5.040177512882776378e-02
5.000000000000000000e-01,-5.999999999999999778e-01,4.930603426292195363e-02
5.999999999999999778e-01,2.999999999999999889e-01,4.922445580429191808e-02
6.999999999999999556e-01,5.999999999999999778e-01,4.967686669991896314e-02
1.100000000000000089e+00,-8.000000000000000444e-01,5.012646405379633102e-02
1.300000000000000044e+00,-1.100000000000000089e+00,5.032094513775793587e-02
1.000000000000000000e+00,-2.000000000000000000e+00,5.070806091369532004e-02
2.000000000000000111e-01,-1.800000000000000044e+00,4.954066618950950240e-02
1.000000000000000056e-01,-2.000000000000000000e+00,4.944811796408167537e-02
-1.000000000000000056e-01,-3.000000000000000000e+00,4.977209893698145149e-02
1.000000000000000056e-01,-2.200000000000000178e+00,5.013351002467258954e-02
1.000000000000000056e-01,-1.800000000000000044e+00,5.026158599817633077e-02
5.999999999999999778e-01,-2.899999999999999911e+00,5.029175956246532964e-02
1.000000000000000000e+00,-3.100000000000000089e+00,4.967610283534175386e-02
4.000000000000000222e-01,-4.500000000000000000e+00,5.101171862529826906e-02
8.000000000000000444e-01,-5.400000000000000355e+00,5.055818767758505500e-02
5.999999999999999778e-01,-5.200000000000000178e+00,5.160825013572978293e-02
5.000000000000000000e-01,-4.299999999999999822e+00,5.052593811489684145e-02
-2.000000000000000111e-01,-4.299999999999999822e+00,5.077923889957428744e-02
1.000000000000000056e-01,-4.200000000000000178e+00,5.136824299041752029e-02
-9.000000000000000222e-01,-3.700000000000000178e+00,5.072425652624339143e-02
-5.999999999999999778e-01,-3.299999999999999822e+00,5.131456925355883103e-02
-4.000000000000000222e-01,-1.699999999999999956e+00,5.119951394953674295e-02
2.000000000000000111e-01,-2.500000000000000000e+00,5.121458222136931332e-02
1.000000000000000000e+00,-4.200000000000000178e+00,5.222172034877433505e-02
1.300000000000000044e+00,-4.099999999999999645e+00,5.185301405366968264e-02
1.300000000000000044e+00,-3.899999999999999911e+00,5.252923031847293173e-02
5.999999999999999778e-01,-3.200000000000000178e+00,5.143664680629456143e-02
-5.999999999999999778e-01,-4.099999999999999645e+00,5.379213914718514178e-02
-9.000000000000000222e-01,-3.200000000000000178e+00,5.374503441842548579e-02
-1.199999999999999956e+00,-3.600000000000000089e+00,5.378797384750583915e-02
-5.999999999999999778e-01,-3.700000000000000178e+00,5.392721518779626522e-02
-2.999999999999999889e-01,-2.399999999999999911e+00,5.385217844199317178e-02
-1.000000000000000000e+00,-3.899999999999999911e+00,5.323347929904827941e-02
-2.000000000000000000e+00,-4.299999999999999822e+00,5.318786744527009835e-02
-1.300000000000000044e+00,-5.900000000000000355e+00,5.332857786292582308e-02
-5.999999999999999778e-01,-4.500000000000000000e+00,5.436342740264277912e-02
-4.000000000000000222e-01,-3.000000000000000000e+00,5.463101637825804741e-02
-5.000000000000000000e-01,-2.700000000000000178e+00,5.390188361821422053e-02
-2.000000000000000111e-01,-1.699999999999999956e+00,5.418025503454849956e-02
1.000000000000000056e-01,-1.699999999999999956e+00,5.473611153481702796e-02
-6.999999999999999556e-01,-8.000000000000000444e-01,5.542923768338622187e-02
4.000000000000000222e-01,-5.999999999999999778e-01,5.433715027757247962e-02
1.000000000000000056e-01,-1.000000000000000056e-01,5.476815801300981973e-02
4.000000000000000222e-01,4.000000000000000222e-01,5.419422467402099791e-02
2.999999999999999889e-01,-1.000000000000000000e+00,5.347995536099535430e-02
1.100000000000000089e+00,-1.600000000000000089e+00,5.483456661153973677e-02
1.399999999999999911e+00,-1.699999999999999956e+00,5.354360116540269471e-02
6.999999999999999556e-01,-3.399999999999999911e+00,5.553615839267370125e-02
9.000000000000000222e-01,-5.200000000000000178e+00,5.673012663301311986e-02
2.000000000000000000e+00,-5.700000000000000178e+00,5.506783297920119641e-02
1.800000000000000044e+00,-4.900000000000000355e+00,5.417269485782442301e-02
2.200000000000000178e+00,-4.500000000000000000e+00,5.499405770114605685e-02
2.000000000000000000e+00,-3.799999999999999822e+00,5.452651456952747888e-02
2.600000000000000089e+00,-4.500000000000000000e+00,5.593586080797115917e-02
3.200000000000000178e+00,-4.900000000000000355e+00,5.615033044448728555e-02
2.299999999999999822e+00,-5.799999999999999822e+00,5.600617815280314882e-02
2.200000000000000178e+00,-6.900000000000000355e+00,5.616004964226854745e-02
1.600000000000000089e+00,-5.299999999999999822e+00,5.661576701845977277e-02
2.399999999999999911e+00,-6.500000000000000000e+00,5.589351102460089760e-02
1.300000000000000044e+00,-6.500000000000000000e+00,5.524059174922910792e-02
1.199999999999999956e+00,-6.200000000000000178e+00,5.510052883624257103e-02
1.199999999999999956e+00,-5.500000000000000000e+00,5.591855534580028597e-02
8.000000000000000444e-01,-4.700000000000000178e+00,5.457267891383202341e-02
4.000000000000000222e-01,-3.899999999999999911e+00,5.470627398496517163e-02
1.300000000000000044e+00,-3.200000000000000178e+00,5.382859747354286351e-02
1.800000000000000044e+00,-2.399999999999999911e+00,5.449623613911316194e-02
1.399999999999999911e+00,-1.800000000000000044e+00,5.416590386553123138e-02
5.999999999999999778e-01,-3.899999999999999911e+00,5.419141025978399528e-02
1.000000000000000056e-01,-3.100000000000000089e+00,5.427254855802049471e-02
5.999999999999999778e-01,-3.299999999999999822e+00,5.450106945330854269e-02
8.000000000000000444e-01,-1.100000000000000089e+00,5.392495784470292819e-02
1.000000000000000056e-01,-1.600000000000000089e+00,5.395430713412164431e-02
2.999999999999999889e-01,-1.399999999999999911e+00,5.543391534755302830e-02
-4.000000000000000222e-01,-2.000000000000000000e+00,5.385317034821227727e-02
-5.000000000000000000e-01,-1.699999999999999956e+00,5.544092106367825429e-02
-1.100000000000000089e+00,-2.000000000000000000e+00,5.389647828749428299e-02
-1.100000000000000089e+00,-2.200000000000000178e+00,5.373034577755792657e-02
-1.600000000000000089e+00,-3.399999999999999911e+00,5.455808355332376902e-02
-2.799999999999999822e+00,-4.099999999999999645e+00,5.308230168826732348e-02
-2.899999999999999911e+00,-3.700000000000000178e+00,5.411979597942650350e-02
-2.600000000000000089e+00,-3.500000000000000000e+00,5.409791275515583170e-02
-2.200000000000000178e+00,-3.299999999999999822e+00,5.399788835193129743e-02
-1.899999999999999911e+00,-3.799999999999999822e+00,5.436931114038515145e-02
-1.199999999999999956e+00,-1.500000000000000000e+00,5.366923570505615498e-02
-5.999999999999999778e-01,-1.500000000000000000e+00,5.382286174888666758e-02
-1.500000000000000000e+00,-1.899999999999999911e+00,5.398148153460959747e-02
-1.300000000000000044e+00,-2.399999999999999911e+00,5.364772413666095419e-02
-1.399999999999999911e+00,-4.299999999999999822e+00,5.399530475404001190e-02
1.190000000000000036e+01,6.900000000000000355e+00,5.346510345821491039e-02
1.150000000000000000e+01,7.299999999999999822e+00,5.360531612077804042e-02
1.069999999999999929e+01,7.200000000000000178e+00,5.291427030608726600e-02
1.009999999999999964e+01,8.599999999999999645e+00,5.288229465978966370e-02
9.599999999999999645e+00,6.900000000000000355e+00,5.365488749463326323e-02
1.000000000000000000e+01,5.900000000000000355e+00,5.350103595288742409e-02
9.400000000000000355e+00,5.000000000000000000e+00,5.266404299595189159e-02
9.199999999999999289e+00,6.099999999999999645e+00,5.456877399871104539e-02
9.400000000000000355e+00,6.500000000000000000e+00,5.332117324537557351e-02
9.900000000000000355e+00,4.000000000000000000e+00,5.425268609671306252e-02
-6.700000000000000178e+00,-1.009999999999999964e+01,5.474491341639432795e-02
-7.000000000000000000e+00,-1.200000000000000000e+01,5.442277309406588770e-02
-6.900000000000000355e+00,-1.280000000000000071e+01,5.409409563979972885e-02
6.000000000000000000e+00,1.600000000000000089e+00,5.357401965607026112e-02
-9.199999999999999289e+00,-1.550000000000000000e+01,5.563863618028061508e-02
-8.800000000000000711e+00,-1.540000000000000036e+01,5.437914190778936341e-02
1.899999999999999911e+00,8.000000000000000444e-01,5.432225972058110641e-02
-1.000000000000000000e+01,-1.819999999999999929e+01,5.491197568326401657e-02
-1.040000000000000036e+01,-1.789999999999999858e+01,5.414174347157003214e-02
1.300000000000000044e+00,5.999999999999999778e-01,5.541445256716660134e-02
1.399999999999999911e+00,5.000000000000000000e-01,5.367603907556110776e-02
-8.000000000000000000e+00,-1.889999999999999858e+01,5.499170230662959319e-02
1.500000000000000000e+00,1.000000000000000056e-01,5.474670222134413178e-02
-9.500000000000000000e+00,-1.969999999999999929e+01,5.440663506364040031e-02
-1.069999999999999929e+01,-1.869999999999999929e+01,5.484613094992300819e-02
-1.169999999999999929e+01,-1.869999999999999929e+01,5.476683020386005629e-02
1.100000000000000089e+00,-8.000000000000000444e-01,5.493883641609251939e-02
-1.159999999999999964e+01,-2.019999999999999929e+01,5.403196288987121426e-02
-1.199999999999999956e+00,-1.899999999999999911e+00,5.503398410552371584e-02
-1.200000000000000000e+01,-2.169999999999999929e+01,5.355507261954935150e-02
-1.209999999999999964e+01,-1.969999999999999929e+01,5.452972498223748049e-02
1.600000000000000089e+00,1.000000000000000056e-01,5.357881579890905188e-02
-1.200000000000000000e+01,-1.950000000000000000e+01,5.498892466816718283e-02
-1.190000000000000036e+01,-1.950000000000000000e+01,5.485472856332103408e-02
-1.200000000000000000e+01,-1.919999999999999929e+01,5.440751706645795965e-02
-1.219999999999999929e+01,-1.939999999999999858e+01,5.394921844408626793e-02
5.999999999999999778e-01,-4.000000000000000222e-01,5.570220439586331951e-02
1.000000000000000056e-01,-1.199999999999999956e+00,5.376945833081874654e-02
-1.250000000000000000e+01,-2.230000000000000071e+01,5.312470587566796992e-02
-1.309999999999999964e+01,-2.269999999999999929e+01,5.368535631884983200e-02
-1.319999999999999929e+01,-2.110000000000000142e+01,5.312456140594502829e-02
-1.219999999999999929e+01,-2.169999999999999929e+01,5.302459148564485358e-02
-1.080000000000000071e+01,-2.300000000000000000e+01,5.391791372844914609e-02
-1.080000000000000071e+01,-2.480000000000000071e+01,5.327928963683999791e-02
-1.180000000000000071e+01,-2.400000000000000000e+01,5.357195629777676549e-02
-1.000000000000000000e+01,-2.380000000000000071e+01,5.394082900990835455e-02
-8.400000000000000355e+00,-2.450000000000000000e+01,5.308482907567706188e-02
-7.599999999999999645e+00,-2.289999999999999858e+01,5.456346474057897217e-02
-7.000000000000000000e+00,-2.539999999999999858e+01,5.483521400287683090e-02
-5.999999999999999778e-01,-2.600000000000000089e+00,5.335758849060615039e-02
-5.999999999999999778e-01,-2.500000000000000000e+00,5.345001274425826426e-02
-6.599999999999999645e+00,-2.760000000000000142e+01,5.375190844489996511e-02
-6.599999999999999645e+00,-2.869999999999999929e+01,5.505270111540717243e-02
-6.799999999999999822e+00,-3.080000000000000071e+01,5.353915974214781826e-02
-2.000000000000000111e-01,-3.000000000000000000e+00,5.349527785435054944e-02
-6.999999999999999556e-01,-2.299999999999999822e+00,5.458189390498956184e-02
-1.300000000000000044e+00,-1.600000000000000089e+00,5.465720257449405844e-02
-5.999999999999999778e-01,-3.600000000000000089e+00,5.445413602314159301e-02
-2.999999999999999889e-01,-3.000000000000000000e+00,5.359140662314055420e-02
5.000000000000000000e-01,-3.299999999999999822e+00,5.447070510948430477e-02
5.999999999999999778e-01,-1.699999999999999956e+00,5.353385827104337885e-02
-6.700000000000000178e+00,-3.270000000000000284e+01,5.390452113536546574e-02
6.999999999999999556e-01,-1.500000000000000000e+00,5.374191824773533882e-02
-6.299999999999999822e+00,-3.300000000000000000e+01,5.347601830504500331e-02
2.200000000000000178e+00,-1.300000000000000044e+00,5.379268371087996686e-02
-6.000000000000000000e+00,-3.339999999999999858e+01,5.323390367365488790e-02
1.500000000000000000e+00,-1.899999999999999911e+00,5.438016416933456887e-02
-6.799999999999999822e+00,-3.320000000000000284e+01,5.331850859105247836e-02
-7.099999999999999645e+00,-3.270000000000000284e+01,5.420341230986386316e-02
-7.299999999999999822e+00,-3.339999999999999858e+01,5.352854600392415590e-02
-1.000000000000000056e-01,-2.100000000000000089e+00,5.365455071661361097e-02
-9.000000000000000000e+00,-3.400000000000000000e+01,5.495422296213402918e-02
-9.900000000000000355e+00,-3.320000000000000284e+01,5.333268147131008802e-02
2.000000000000000111e-01,-1.500000000000000000e+00,5.522733210401430809e-02
5.999999999999999778e-01,-4.000000000000000222e-01,5.443230518273323854e-02
2.999999999999999889e-01,-8.000000000000000444e-01,5.519140202469242223e-02
-1.130000000000000071e+01,-3.489999999999999858e+01,5.395983039870530518e-02
-6.999999999999999556e-01,-1.600000000000000089e+00,5.420888477461486415e-02
-1.300000000000000044e+00,-1.699999999999999956e+00,5.340250404093491166e-02
-2.100000000000000089e+00,-2.000000000000000000e+00,5.399800629019960163e-02
-1.600000000000000089e+00,-1.600000000000000089e+00,5.257518661613657524e-02
-1.899999999999999911e+00,-1.899999999999999911e+00,5.508454931819026235e-02
-8.000000000000000444e-01,-2.200000000000000178e+00,5.366095027066088846e-02
-2.999999999999999889e-01,-2.899999999999999911e+00,5.229635411945629531e-02
-2.999999999999999889e-01,-2.299999999999999822e+00,5.215585244724987857e-02
-1.000000000000000056e-01,-2.600000000000000089e+00,5.170128167056960156e-02
5.999999999999999778e-01,-2.700000000000000178e+00,5.183115011132693323e-02
6.999999999999999556e-01,-2.899999999999999911e+00,5.354917853792592886e-02
2.999999999999999889e-01,-3.700000000000000178e+00,5.180193626886141212e-02
5.000000000000000000e-01,-3.399999999999999911e+00,5.212879924825292166e-02
-1.000000000000000056e-01,-3.200000000000000178e+00,5.152706444583849549e-02
5.000000000000000000e-01,-2.000000000000000000e+00,5.195795212118433509e-02
4.000000000000000222e-01,-1.800000000000000044e+00,5.189502593459408702e-02
-9.000000000000000222e-01,-4.299999999999999822e+00,5.212348741945349584e-02
-1.000000000000000000e+00,-6.099999999999999645e+00,5.185102424671315935e-02
-8.000000000000000444e-01,-4.200000000000000178e+00,5.226188087989892123e-02
-1.000000000000000056e-01,-4.200000000000000178e+00,5.255035824570250536e-02
1.000000000000000000e+00,-5.400000000000000355e+00,5.245342781310134705e-02
0.000000000000000000e+00,-7.200000000000000178e+00,5.114328597742161947e-02
-5.000000000000000000e-01,-7.500000000000000000e+00,5.150380411438643807e-02
-5.999999999999999778e-01,-5.400000000000000355e+00,5.058513877619331967e-02
-2.999999999999999889e-01,-5.500000000000000000e+00,5.019967075991321054e-02
-1.000000000000000000e+00,-5.700000000000000178e+00,5.109625153535274356e-02
-6.999999999999999556e-01,-7.500000000000000000e+00,5.079029712913441658e-02
-5.999999999999999778e-01,-4.500000000000000000e+00,5.080592998026454282e-02
-4.000000000000000222e-01,-3.899999999999999911e+00,5.029920486909467137e-02
2.999999999999999889e-01,-4.000000000000000000e+00,4.969844389302764676e-02
0.000000000000000000e+00,-4.799999999999999822e+00,5.134121936921123841e-02
5.000000000000000000e-01,-4.799999999999999822e+00,5.065297801195065702e-02
4.000000000000000222e-01,-4.000000000000000000e+00,5.023409883849786622e-02
2.000000000000000111e-01,-3.200000000000000178e+00,5.114500038838782486e-02
2.000000000000000111e-01,-2.100000000000000089e+00,4.999702804448526855e-02
1.000000000000000056e-01,-9.000000000000000222e-01,5.038720010227887292e-02
-1.000000000000000056e-01,-3.299999999999999822e+00,5.000592187051961651e-02
-9.000000000000000222e-01,-1.800000000000000044e+00,5.072933506521421637e-02
-2.000000000000000111e-01,-8.000000000000000444e-01,4.991219746064213397e-02
-9.000000000000000222e-01,4.000000000000000222e-01,5.030037750453166673e-02
-9.000000000000000222e-01,-1.699999999999999956e+00,4.959448231186931733e-02
-6.999999999999999556e-01,-2.200000000000000178e+00,4.943666619828793185e-02
-9.000000000000000222e-01,-1.699999999999999956e+00,5.008933280434448715e-02
-1.800000000000000044e+00,-3.500000000000000000e+00,4.943943307096946432e-02
-2.700000000000000178e+00,-3.500000000000000000e+00,5.042170374713408898e-02
-2.299999999999999822e+00,-5.299999999999999822e+00,5.087664163246605892e-02
-1.699999999999999956e+00,-5.200000000000000178e+00,5.082804502936834334e-02
-6.999999999999999556e-01,-6.799999999999999822e+00,5.048496430158231491e-02
-9.000000000000000222e-01,-5.799999999999999822e+00,5.055564689113935251e-02
-5.999999999999999778e-01,-6.400000000000000355e+00,5.024913497307068738e-02
0.000000000000000000e+00,-7.000000000000000000e+00,5.063752756905684493e-02
1.100000000000000089e+00,-6.299999999999999822e+00,5.132488943002026099e-02
2.100000000000000089e+00,-4.400000000000000355e+00,5.043554630694744439e-02
1.899999999999999911e+00,-4.099999999999999645e+00,5.165201104323949299e-02
1.899999999999999911e+00,-4.299999999999999822e+00,5.081325542136846951e-02
1.899999999999999911e+00,-4.700000000000000178e+00,5.067421269870091977e-02
1.199999999999999956e+00,-3.299999999999999822e+00,5.100635536138892895e-02
-4.000000000000000222e-01,-2.899999999999999911e+00,5.113088569270319433e-02
-1.399999999999999911e+00,-3.100000000000000089e+00,5.160746662000825075e-02
-5.999999999999999778e-01,-3.399999999999999911e+00,5.134343774733215321e-02
5.999999999999999778e-01,-3.100000000000000089e+00,5.094470242515036079e-02
2.000000000000000111e-01,-3.899999999999999911e+00,5.175060376027295489e-02
0.000000000000000000e+00,-2.600000000000000089e+00,5.134887230638297828e-02
-1.000000000000000056e-01,-1.100000000000000089e+00,5.231857657014458984e-02
9.000000000000000222e-01,-1.300000000000000044e+00,5.179325755162111217e-02
1.399999999999999911e+00,-1.600000000000000089e+00,5.126796710353508785e-02
4.000000000000000222e-01,-1.300000000000000044e+00,5.123638294380136043e-02
5.999999999999999778e-01,-1.899999999999999911e+00,5.167055001921706109e-02
5.000000000000000000e-01,-3.200000000000000178e+00,5.169612350345106910e-02
5.999999999999999778e-01,-3.899999999999999911e+00,5.106370391409883330e-02
1.600000000000000089e+00,-2.299999999999999822e+00,5.146268241888388162e-02
2.299999999999999822e+00,-1.600000000000000089e+00,5.111696818372007262e-02
2.100000000000000089e+00,-4.200000000000000178e+00,5.177281521841448769e-02
1.800000000000000044e+00,-4.200000000000000178e+00,5.140376279007547594e-02
1.399999999999999911e+00,-3.399999999999999911e+00,5.106167763871498344e-02
9.000000000000000222e-01,-6.400000000000000355e+00,5.255221251249742043e-02
5.000000000000000000e-01,-3.399999999999999911e+00,5.120786345689845587e-02
5.999999999999999778e-01,-6.500000000000000000e+00,5.013606746915361817e-02
-2.000000000000000111e-01,-4.900000000000000355e+00,5.112870076605139508e-02
-8.000000000000000444e-01,-5.299999999999999822e+00,5.131085739784002620e-02
-1.399999999999999911e+00,-1.300000000000000044e+00,5.114239210806115210e-02
-2.999999999999999889e-01,-2.500000000000000000e+00,5.036692856514339567e-02
9.000000000000000222e-01,-3.799999999999999822e+00,5.231961906816200852e-02
1.300000000000000044e+00,-1.699999999999999956e+00,5.105456495908402420e-02
1.300000000000000044e+00,-2.200000000000000178e+00,5.157418376616188654e-02
4.000000000000000222e-01,-3.100000000000000089e+00,5.202476359031921876e-02
2.999999999999999889e-01,-3.600000000000000089e+00,5.210255660941785771e-02
-4.000000000000000222e-01,-1.600000000000000089e+00,5.113355817322483288e-02
-2.999999999999999889e-01,-2.399999999999999911e+00,5.160117091047954768e-02
2.999999999999999889e-01,-3.600000000000000089e+00,5.196068198880802319e-02
-2.999999999999999889e-01,-3.500000000000000000e+00,5.215869278371534912e-02
-4.000000000000000222e-01,-2.700000000000000178e+00,5.091830931759957352e-02
-5.999999999999999778e-01,-3.000000000000000000e+00,5.195282741599333703e-02
-2.999999999999999889e-01,-3.500000000000000000e+00,5.325117832441922383e-02
-1.300000000000000044e+00,-2.399999999999999911e+00,5.183972419548163457e-02
0.000000000000000000e+00,-1.800000000000000044e+00,5.099828257920688279e-02
5.999999999999999778e-01,-2.799999999999999822e+00,5.116273191620307470e-02
1.100000000000000089e+00,-3.200000000000000178e+00,5.169430218729156867e-02
1.000000000000000000e+00,-2.700000000000000178e+00,5.039464184988094730e-02
1.000000000000000056e-01,-6.200000000000000178e+00,5.292041767250531964e-02
-1.100000000000000089e+00,-5.099999999999999645e+00,5.185933291571119541e-02
-5.999999999999999778e-01,-4.500000000000000000e+00,5.119546649105141678e-02
1.000000000000000056e-01,-2.500000000000000000e+00,5.101018730059971029e-02
2.000000000000000111e-01,-3.299999999999999822e+00,5.161601588573411920e-02
1.100000000000000089e+00,-6.000000000000000000e+00,5.373444284931295362e-02
2.999999999999999889e-01,-2.299999999999999822e+00,5.145542880339176728e-02
-1.000000000000000056e-01,-3.200000000000000178e+00,5.148906643701339769e-02
-4.000000000000000222e-01,-1.899999999999999911e+00,5.136315479343067647e-02
-2.000000000000000111e-01,-3.000000000000000000e+00,5.085341480596441976e-02
-2.000000000000000111e-01,-3.899999999999999911e+00,5.181220606185480554e-02
-1.300000000000000044e+00,-4.799999999999999822e+00,5.158853348458138782e-02
-1.899999999999999911e+00,-4.500000000000000000e+00,5.259734465431681327e-02
-1.300000000000000044e+00,-3.000000000000000000e+00,5.282907745789507808e-02
-1.500000000000000000e+00,-4.599999999999999645e+00,5.288520028435791248e-02
-2.200000000000000178e+00,-7.299999999999999822e+00,5.359242740323962029e-02
-2.200000000000000178e+00,-6.099999999999999645e+00,5.355831286677040920e-02
-2.000000000000000111e-01,-3.899999999999999911e+00,5.336273526556670893e-02
4.000000000000000222e-01,-4.099999999999999645e+00,5.401622834593596684e-02
5.999999999999999778e-01,-6.200000000000000178e+00,5.428719201670093725e-02
4.000000000000000222e-01,-4.299999999999999822e+00,5.443163565053417419e-02
1.399999999999999911e+00,-4.200000000000000178e+00,5.405052367788532042e-02
3.700000000000000178e+00,2.919999999999999929e+01,5.456817531651580316e-02
3.899999999999999911e+00,2.730000000000000071e+01,5.569754130732661873e-02
3.600000000000000089e+00,2.689999999999999858e+01,5.554994585797431300e-02
3.200000000000000178e+00,2.600000000000000000e+01,5.462066488581437951e-02
4.299999999999999822e+00,2.400000000000000000e+01,5.533877829469723703e-02
4.299999999999999822e+00,2.410000000000000142e+01,5.589672268296388968e-02
4.500000000000000000e+00,2.519999999999999929e+01,5.637921825816308297e-02
3.200000000000000178e+00,2.319999999999999929e+01,5.496692204886705763e-02
1.899999999999999911e+00,2.210000000000000142e+01,5.586507966922003854e-02
1.600000000000000089e+00,2.189999999999999858e+01,5.530115775849810122e-02
3.000000000000000000e+00,2.219999999999999929e+01,5.538294379490808772e-02
3.000000000000000000e+00,2.010000000000000142e+01,5.562045562010638905e-02
3.399999999999999911e+00,1.969999999999999929e+01,5.440524514570630604e-02
5.200000000000000178e+00,1.950000000000000000e+01,5.511182568029947271e-02
5.299999999999999822e+00,1.869999999999999929e+01,5.429517734107334320e-02
4.599999999999999645e+00,1.750000000000000000e+01,5.560435959650007059e-02
4.900000000000000355e+00,1.710000000000000142e+01,5.460143006548487388e-02
4.400000000000000355e+00,1.650000000000000000e+01,5.498744409146789913e-02
3.799999999999999822e+00,1.469999999999999929e+01,5.381125138094005472e-02
4.299999999999999822e+00,1.500000000000000000e+01,5.462393165374935383e-02
4.599999999999999645e+00,1.590000000000000036e+01,5.381244340926029379e-02
4.299999999999999822e+00,1.459999999999999964e+01,5.463495530505321773e-02
2.799999999999999822e+00,1.330000000000000071e+01,5.344626243716658204e-02
2.299999999999999822e+00,1.240000000000000036e+01,5.454402445087059431e-02
3.100000000000000089e+00,1.350000000000000000e+01,5.439236502384919153e-02
3.500000000000000000e+00,1.050000000000000000e+01,5.532659014102692119e-02
3.600000000000000089e+00,1.019999999999999929e+01,5.584995716463293097e-02
3.399999999999999911e+00,8.300000000000000711e+00,5.635916056905410781e-02
2.100000000000000089e+00,5.000000000000000000e+00,5.524750938687717633e-02
1.600000000000000089e+00,4.200000000000000178e+00,5.493416283830120095e-02
2.600000000000000089e+00,3.700000000000000178e+00,5.452530540354976613e-02
3.000000000000000000e+00,2.399999999999999911e+00,5.492762275883811274e-02
3.000000000000000000e+00,8.000000000000000444e-01,5.491412999184132337e-02
2.500000000000000000e+00,2.000000000000000000e+00,5.440459524467008978e-02
1.899999999999999911e+00,6.999999999999999556e-01,5.496691624622992295e-02
3.100000000000000089e+00,-1.000000000000000056e-01,5.455497067418064311e-02
2.899999999999999911e+00,-1.800000000000000044e+00,5.596877142620661216e-02
2.600000000000000089e+00,-3.299999999999999822e+00,5.497051019534972272e-02
2.600000000000000089e+00,-2.899999999999999911e+00,5.549115798200001531e-02
2.399999999999999911e+00,-2.299999999999999822e+00,5.591739136110848718e-02
1.199999999999999956e+00,-3.000000000000000000e+00,5.705242761744779012e-02
4.000000000000000222e-01,-3.299999999999999822e+00,5.600798972454802682e-02
-2.000000000000000111e-01,-2.700000000000000178e+00,5.646772026892037805e-02
-1.199999999999999956e+00,-2.399999999999999911e+00,5.802383856987518296e-02
-1.100000000000000089e+00,-2.299999999999999822e+00,5.718337468377925753e-02
4.000000000000000222e-01,-2.700000000000000178e+00,5.652976381412982976e-02
1.000000000000000000e+00,-1.800000000000000044e+00,5.567925375626982948e-02
1.199999999999999956e+00,-3.600000000000000089e+00,5.716615200461543783e-02
5.000000000000000000e-01,-4.799999999999999822e+00,5.633361890550526996e-02
-1.000000000000000056e-01,-4.599999999999999645e+00,5.745713113173361863e-02
5.000000000000000000e-01,-3.600000000000000089e+00,5.571664702436118777e-02
1.600000000000000089e+00,-2.799999999999999822e+00,5.740024099231848947e-02
2.000000000000000000e+00,-3.500000000000000000e+00,5.795311863801824726e-02
2.399999999999999911e+00,-2.799999999999999822e+00,5.674101903072215070e-02
3.399999999999999911e+00,-2.899999999999999911e+00,5.830236586092379936e-02
2.899999999999999911e+00,-3.399999999999999911e+00,5.749775972569770577e-02
1.800000000000000044e+00,-2.299999999999999822e+00,5.717350595348944658e-02
1.199999999999999956e+00,-3.500000000000000000e+00,5.823822624538663173e-02
1.399999999999999911e+00,-2.000000000000000000e+00,5.488067242030620491e-02
2.899999999999999911e+00,0.000000000000000000e+00,5.565548435109733683e-02
-1.300000000000000044e+00,-3.229999999999999716e+01,5.520476898474548783e-02
3.600000000000000089e+00,-6.999999999999999556e-01,5.522553038329987979e-02
3.100000000000000089e+00,-3.500000000000000000e+00,5.613592028237091025e-02
-1.199999999999999956e+00,-3.510000000000000142e+01,5.620946138742454606e-02
2.200000000000000178e+00,-1.500000000000000000e+00,5.589587892891324794e-02
2.999999999999999889e-01,-1.399999999999999911e+00,5.639069961267953457e-02
2.000000000000000111e-01,-2.100000000000000089e+00,5.865547340122163888e-02
-6.999999999999999556e-01,-3.600000000000000089e+00,5.763397220935091714e-02
0.000000000000000000e+00,-3.399999999999999911e+00,5.937596377726256369e-02
1.100000000000000089e+00,-2.899999999999999911e+00,5.838632228867595558e-02
1.399999999999999911e+00,-1.199999999999999956e+00,5.940087115209589236e-02
1.000000000000000000e+00,-3.399999999999999911e+00,5.817624701475834770e-02
4.000000000000000222e-01,-3.000000000000000000e+00,6.096958265950891409e-02
-1.000000000000000000e+00,-3.789999999999999858e+01,6.023240597577175087e-02
9.000000000000000222e-01,-2.000000000000000000e+00,6.096556830712106245e-02
1.600000000000000089e+00,-2.600000000000000089e+00,6.149280239437934781e-02
-1.600000000000000089e+00,-3.779999999999999716e+01,6.215038428085519623e-02
-2.200000000000000178e+00,-3.839999999999999858e+01,6.161766062507048614e-02
-1.800000000000000044e+00,-3.789999999999999858e+01,6.095654097978204372e-02
-3.000000000000000000e+00,-3.820000000000000284e+01,6.116364660331682218e-02
-3.000000000000000000e+00,-3.910000000000000142e+01,6.146432566116977886e-02
-3.500000000000000000e+00,-3.720000000000000284e+01,6.009963617022087007e-02
-2.399999999999999911e+00,-3.920000000000000284e+01,5.684201442411769556e-02
-2.600000000000000089e+00,-3.850000000000000000e+01,5.634374279496717070e-02
-2.399999999999999911e+00,3.910000000000000142e+01,5.794653415354381054e-02
-2.700000000000000178e+00,-3.910000000000000142e+01,5.871658892805871333e-02
-2.899999999999999911e+00,-3.939999999999999858e+01,5.685375244917920817e-02
4.000000000000000222e-01,-1.699999999999999956e+00,5.883799484261020840e-02
1.000000000000000056e-01,-2.799999999999999822e+00,6.343755062297683212e-02
-2.399999999999999911e+00,3.860000000000000142e+01,6.156853425415022979e-02
1.000000000000000056e-01,-1.899999999999999911e+00,6.395459299296621380e-02
-1.800000000000000044e+00,3.720000000000000284e+01,6.212871011106064351e-02
-1.699999999999999956e+00,3.710000000000000142e+01,6.225264355558545598e-02
0.000000000000000000e+00,-2.799999999999999822e+00,6.345654340260006854e-02
-1.800000000000000044e+00,3.679999999999999716e+01,6.126590397241633845e-02
-1.899999999999999911e+00,3.700000000000000000e+01,6.465130080802640455e-02
-1.699999999999999956e+00,3.620000000000000284e+01,6.019737421960890539e-02
-1.500000000000000000e+00,3.570000000000000284e+01,6.340623681647891696e-02
-1.500000000000000000e+00,3.539999999999999858e+01,6.166865779442082252e-02
-1.600000000000000089e+00,3.529999999999999716e+01,6.290786939565698455e-02
-1.800000000000000044e+00,3.500000000000000000e+01,6.169327504577549331e-02
-2.000000000000000000e+00,3.360000000000000142e+01,6.235316657231341347e-02
-2.000000000000000000e+00,3.220000000000000284e+01,6.450489908528703187e-02
-2.000000000000000000e+00,3.300000000000000000e+01,5.982654972508401336e-02
-1.699999999999999956e+00,3.310000000000000142e+01,6.417493473487401179e-02
-1.800000000000000044e+00,3.169999999999999929e+01,5.859607534687154978e-02
-1.899999999999999911e+00,3.080000000000000071e+01,6.378759589609805936e-02
-2.100000000000000089e+00,3.089999999999999858e+01,5.774037540477528624e-02
-2.200000000000000178e+00,3.069999999999999929e+01,6.088244895642697802e-02
-2.100000000000000089e+00,3.030000000000000071e+01,6.040255396426096046e-02
-2.000000000000000000e+00,3.050000000000000000e+01,6.469750352099223889e-02
-1.899999999999999911e+00,2.980000000000000071e+01,6.493730947514267382e-02
-2.000000000000000000e+00,2.900000000000000000e+01,6.465983924114251935e-02
-2.100000000000000089e+00,2.860000000000000142e+01,6.371596794002833131e-02
-2.100000000000000089e+00,2.930000000000000071e+01,6.201793389729294559e-02
-2.100000000000000089e+00,2.889999999999999858e+01,6.754268962247945984e-02
-2.299999999999999822e+00,2.810000000000000142e+01,6.104230913250567603e-02
-2.299999999999999822e+00,2.730000000000000071e+01,6.645449091266780739e-02
-2.200000000000000178e+00,2.769999999999999929e+01,6.288863041442868673e-02
-2.100000000000000089e+00,2.780000000000000071e+01,6.704556238253864264e-02
-2.100000000000000089e+00,2.689999999999999858e+01,6.064109040591818267e-02
-2.399999999999999911e+00,2.630000000000000071e+01,6.536175664426192855e-02
-2.399999999999999911e+00,2.639999999999999858e+01,6.024216212257740150e-02
-2.399999999999999911e+00,2.589999999999999858e+01,6.713997025476084457e-02
-2.399999999999999911e+00,2.610000000000000142e+01,6.532494319068929411e-02
-2.299999999999999822e+00,2.519999999999999929e+01,6.800752943267890371e-02
-2.299999999999999822e+00,2.480000000000000071e+01,6.354325936306083611e-02
-2.299999999999999822e+00,2.489999999999999858e+01,6.449877280652216438e-02
-2.399999999999999911e+00,2.339999999999999858e+01,6.576078950567527948e-02
-2.500000000000000000e+00,2.400000000000000000e+01,6.245823525369782747e-02
-2.500000000000000000e+00,2.319999999999999929e+01,6.640009162260521181e-02
-2.600000000000000089e+00,2.280000000000000071e+01,5.927132695255060008e-02
-2.700000000000000178e+00,2.189999999999999858e+01,6.659879425531688157e-02
-2.399999999999999911e+00,2.119999999999999929e+01,6.322731525626799909e-02
-2.600000000000000089e+00,2.169999999999999929e+01,6.648486581671678164e-02
-2.500000000000000000e+00,2.019999999999999929e+01,6.551026217691045817e-02
-2.799999999999999822e+00,2.019999999999999929e+01,6.607700758000469021e-02
-2.799999999999999822e+00,1.919999999999999929e+01,6.328497574547368998e-02
-2.799999999999999822e+00,1.919999999999999929e+01,6.795197812991038422e-02
-2.799999999999999822e+00,1.850000000000000000e+01,6.135204688198920425e-02
-2.600000000000000089e+00,1.800000000000000000e+01,6.558221575197550890e-02
-2.799999999999999822e+00,1.750000000000000000e+01,6.386240261896374004e-02
-2.700000000000000178e+00,1.680000000000000071e+01,6.381397137408999221e-02
-2.899999999999999911e+00,1.619999999999999929e+01,6.548677034975412814e-02
-2.799999999999999822e+00,1.600000000000000000e+01,6.458146949546947346e-02
-3.000000000000000000e+00,1.569999999999999929e+01,6.681286737344244164e-02
-2.899999999999999911e+00,1.530000000000000071e+01,6.511411324946128620e-02
-2.799999999999999822e+00,1.430000000000000071e+01,6.511424272013865977e-02
-2.899999999999999911e+00,1.480000000000000071e+01,6.511522052516267867e-02
-2.799999999999999822e+00,1.419999999999999929e+01,6.591217985469817464e-02
-3.000000000000000000e+00,1.359999999999999964e+01,6.481661351054646136e-02
-3.200000000000000178e+00,1.290000000000000036e+01,6.472721028969562196e-02
-3.100000000000000089e+00,1.340000000000000036e+01,6.623595498121448433e-02
-3.100000000000000089e+00,1.250000000000000000e+01,6.537721740673076154e-02
-3.200000000000000178e+00,1.200000000000000000e+01,6.181726035093060290e-02
-3.100000000000000089e+00,1.140000000000000036e+01,6.842871200731100167e-02
-3.100000000000000089e+00,1.150000000000000000e+01,6.552417092872270254e-02
-3.100000000000000089e+00,1.080000000000000071e+01,6.597267577428408969e-02
-3.000000000000000000e+00,1.019999999999999929e+01,6.198108300516751157e-02
-3.200000000000000178e+00,1.040000000000000036e+01,6.613526809847314336e-02
-3.200000000000000178e+00,9.199999999999999289e+00,6.052961808605505922e-02
-3.200000000000000178e+00,8.300000000000000711e+00,6.570296062633582124e-02
-3.100000000000000089e+00,7.700000000000000178e+00,6.422666402700129284e-02
-3.100000000000000089e+00,8.400000000000000355e+00,6.317796413117668375e-02
-3.200000000000000178e+00,8.000000000000000000e+00,6.492089959541588740e-02
-3.299999999999999822e+00,6.900000000000000355e+00,5.848702233597801586e-02
-3.500000000000000000e+00,5.599999999999999645e+00,6.642670241356336824e-02
-3.500000000000000000e+00,5.200000000000000178e+00,5.930512419226564857e-02
-3.299999999999999822e+00,5.200000000000000178e+00,6.375687508168753626e-02
-3.399999999999999911e+00,5.500000000000000000e+00,6.145194868498853741e-02
-3.399999999999999911e+00,4.400000000000000355e+00,6.484610065217843999e-02
-3.399999999999999911e+00,3.799999999999999822e+00,6.416179580889011524e-02
-3.600000000000000089e+00,3.299999999999999822e+00,6.746992572337118244e-02
-3.600000000000000089e+00,2.399999999999999911e+00,6.644839479335168386e-02
-3.700000000000000178e+00,3.200000000000000178e+00,6.521400753828804353e-02
-3.500000000000000000e+00,2.100000000000000089e+00,6.796434895454357694e-02
-3.600000000000000089e+00,2.200000000000000178e+00,6.579678601718461084e-02
-3.600000000000000089e+00,5.000000000000000000e-01,6.960270180332740753e-02
-3.600000000000000089e+00,1.300000000000000044e+00,6.462481654248654339e-02
-3.600000000000000089e+00,9.000000000000000222e-01,6.733888908229850034e-02
-3.600000000000000089e+00,1.000000000000000056e-01,6.687650728463291616e-02
-3.799999999999999822e+00,-4.000000000000000222e-01,6.939055323092629957e-02
-3.700000000000000178e+00,-6.999999999999999556e-01,6.774574557040792533e-02
-3.700000000000000178e+00,-6.999999999999999556e-01,6.955928327556727686e-02
-3.700000000000000178e+00,-1.600000000000000089e+00,6.661543660736266026e-02
-3.799999999999999822e+00,-1.899999999999999911e+00,6.732057333747235028e-02
-3.799999999999999822e+00,-1.699999999999999956e+00,6.908862325247147607e-02
-3.799999999999999822e+00,-1.600000000000000089e+00,6.582381546979933218e-02
-3.600000000000000089e+00,-3.799999999999999822e+00,6.195736157139384442e-02
-3.899999999999999911e+00,-3.799999999999999822e+00,6.327123886425847776e-02
-4.000000000000000000e+00,-5.799999999999999822e+00,5.871985286426834733e-02
-3.700000000000000178e+00,-3.600000000000000089e+00,6.095545227708356467e-02
-3.799999999999999822e+00,-4.799999999999999822e+00,6.100171411558252127e-02
-3.799999999999999822e+00,-3.600000000000000089e+00,6.245973729464307511e-02
-3.899999999999999911e+00,-4.900000000000000355e+00,6.041367790493402251e-02
-4.000000000000000000e+00,-8.000000000000000000e+00,6.785322781534162961e-02
-4.099999999999999645e+00,-6.200000000000000178e+00,6.851292021363661333e-02
-3.899999999999999911e+00,-6.200000000000000178e+00,6.470366171454429438e-02
-3.799999999999999822e+00,-7.000000000000000000e+00,6.895960305039469662e-02
-4.000000000000000000e+00,-8.500000000000000000e+00,6.762644457298955247e-02
-4.000000000000000000e+00,-7.700000000000000178e+00,6.932023055064487349e-02
-4.000000000000000000e+00,-8.599999999999999645e+00,6.607544591273668833e-02
-3.899999999999999911e+00,-9.199999999999999289e+00,7.160936443982421351e-02
-4.099999999999999645e+00,-9.599999999999999645e+00,6.757927105099434395e-02
-4.099999999999999645e+00,-9.699999999999999289e+00,6.948266752440787619e-02
-4.099999999999999645e+00,-1.100000000000000000e+01,6.316322527639486872e-02
-4.000000000000000000e+00,-1.200000000000000000e+01,7.085649818145513257e-02
-4.200000000000000178e+00,-1.040000000000000036e+01,6.455654371279746784e-02
-4.099999999999999645e+00,-1.190000000000000036e+01,7.092272836537226455e-02
-4.099999999999999645e+00,-1.230000000000000071e+01,6.792466710069992863e-02
-4.200000000000000178e+00,-1.359999999999999964e+01,7.123793099127778694e-02
-4.299999999999999822e+00,-1.280000000000000071e+01,6.968069845736921120e-02
-4.200000000000000178e+00,-1.390000000000000036e+01,6.859640068072679620e-02
-4.099999999999999645e+00,-1.430000000000000071e+01,7.129751288942155762e-02
-4.299999999999999822e+00,-1.450000000000000000e+01,6.991227083194639924e-02
-4.200000000000000178e+00,-1.530000000000000071e+01,7.051476840268904034e-02
-4.299999999999999822e+00,-1.580000000000000071e+01,6.800923541038772502e-02
-4.299999999999999822e+00,-1.559999999999999964e+01,7.121661932503967063e-02
-4.400000000000000355e+00,-1.619999999999999929e+01,6.944034796858809810e-02
-4.200000000000000178e+00,-1.639999999999999858e+01,6.951168032279103626e-02
-4.200000000000000178e+00,-1.669999999999999929e+01,7.088741549712429535e-02
-4.099999999999999645e+00,-1.680000000000000071e+01,6.409455157615240317e-02
-4.299999999999999822e+00,-1.660000000000000142e+01,6.922537515046844891e-02
-4.200000000000000178e+00,-1.839999999999999858e+01,6.831197982561215687e-02
-4.299999999999999822e+00,-1.700000000000000000e+01,6.931836828382700877e-02
-4.299999999999999822e+00,-1.830000000000000071e+01,7.144014273385278224e-02
-4.299999999999999822e+00,-1.719999999999999929e+01,6.620270268507032208e-02
-4.200000000000000178e+00,-1.819999999999999929e+01,7.216854462460800534e-02
-4.200000000000000178e+00,-1.780000000000000071e+01,6.239607980780644686e-02
-4.400000000000000355e+00,-1.850000000000000000e+01,7.263452938730209640e-02
-4.299999999999999822e+00,-1.910000000000000142e+01,6.866786139535187294e-02
-4.299999999999999822e+00,-1.819999999999999929e+01,7.024542513413428724e-02
-4.299999999999999822e+00,-1.839999999999999858e+01,7.056769184903738390e-02
-4.400000000000000355e+00,-1.900000000000000000e+01,6.883209771180737180e-02
-4.299999999999999822e+00,-1.910000000000000142e+01,7.050363594416324264e-02
-4.200000000000000178e+00,-1.880000000000000071e+01,6.898457974046022512e-02
-4.400000000000000355e+00,-1.869999999999999929e+01,6.675582040982173948e-02
-4.299999999999999822e+00,-1.980000000000000071e+01,7.153779760879422356e-02
-4.299999999999999822e+00,-1.960000000000000142e+01,6.822178725503594277e-02
-4.299999999999999822e+00,-1.880000000000000071e+01,6.884060599614871823e-02
-4.299999999999999822e+00,-1.960000000000000142e+01,6.908525654412661643e-02
-4.299999999999999822e+00,-1.939999999999999858e+01,6.839930368074835509e-02
-4.299999999999999822e+00,-1.989999999999999858e+01,6.758420525547323421e-02
-4.299999999999999822e+00,-1.969999999999999929e+01,6.469958259436477122e-02
-4.299999999999999822e+00,-2.069999999999999929e+01,6.772840158657887633e-02
-4.200000000000000178e+00,-2.010000000000000142e+01,6.405599173158336990e-02
-4.299999999999999822e+00,-1.889999999999999858e+01,7.242469849608888788e-02
-4.200000000000000178e+00,-2.000000000000000000e+01,6.525124190162012727e-02
-4.299999999999999822e+00,-2.089999999999999858e+01,6.984052450694884506e-02
-4.299999999999999822e+00,-2.069999999999999929e+01,6.734221486318457683e-02
-4.200000000000000178e+00,-2.000000000000000000e+01,6.846510168024301513e-02
-4.299999999999999822e+00,-2.010000000000000142e+01,6.933253700755323545e-02
-4.200000000000000178e+00,-2.050000000000000000e+01,6.692748342155555030e-02
-4.299999999999999822e+00,-2.089999999999999858e+01,6.779888616074379593e-02
-4.299999999999999822e+00,-2.050000000000000000e+01,6.794592018449149839e-02
-4.200000000000000178e+00,-2.160000000000000142e+01,7.087243803493444017e-02
-4.200000000000000178e+00,-2.030000000000000071e+01,6.768386494022356203e-02
-4.200000000000000178e+00,-2.050000000000000000e+01,7.200573423619990865e-02
-4.200000000000000178e+00,-2.100000000000000000e+01,6.824282065917328111e-02
-4.299999999999999822e+00,-2.169999999999999929e+01,7.036193216194942812e-02
-4.200000000000000178e+00,-2.110000000000000142e+01,6.875215945483030555e-02
-4.200000000000000178e+00,-2.060000000000000142e+01,7.091369513846067230e-02
-4.200000000000000178e+00,-2.150000000000000000e+01,6.992425779441831246e-02
-4.200000000000000178e+00,-2.210000000000000142e+01,7.197025119568206675e-02
-4.099999999999999645e+00,-2.150000000000000000e+01,7.014166519839602765e-02
-4.200000000000000178e+00,-2.119999999999999929e+01,7.246095900609922369e-02
-4.200000000000000178e+00,-2.169999999999999929e+01,6.814115889340570387e-02
-4.299999999999999822e+00,-2.200000000000000000e+01,7.143436665750256542e-02
-4.299999999999999822e+00,-2.239999999999999858e+01,6.910994477521571755e-02
-4.299999999999999822e+00,-2.180000000000000071e+01,6.958925624098191709e-02
-4.200000000000000178e+00,-2.200000000000000000e+01,6.754754200220952631e-02
-4.099999999999999645e+00,-2.160000000000000142e+01,6.719022625218892819e-02
-4.200000000000000178e+00,-2.239999999999999858e+01,6.761506407403253260e-02
-4.299999999999999822e+00,-2.280000000000000071e+01,6.444274400648232481e-02
-4.200000000000000178e+00,-2.280000000000000071e+01,6.975963508898938570e-02
-4.200000000000000178e+00,-2.210000000000000142e+01,6.527103837158176880e-02
-4.099999999999999645e+00,-2.250000000000000000e+01,7.173238871963664998e-02
-4.000000000000000000e+00,-2.289999999999999858e+01,6.382323503421891142e-02
-4.200000000000000178e+00,-2.239999999999999858e+01,7.053031788390824730e-02
-4.200000000000000178e+00,-2.319999999999999929e+01,6.618265372371150146e-02
-4.200000000000000178e+00,-2.269999999999999929e+01,6.746152944763404713e-02
-4.200000000000000178e+00,-2.310000000000000142e+01,6.697554843447550699e-02
-4.299999999999999822e+00,-2.219999999999999929e+01,6.583273185993120113e-02
-4.299999999999999822e+00,-2.310000000000000142e+01,6.989334428331721305e-02
-4.200000000000000178e+00,-2.400000000000000000e+01,6.792955637998712715e-02
-4.099999999999999645e+00,-2.269999999999999929e+01,7.023264971514792121e-02
-4.000000000000000000e+00,-2.339999999999999858e+01,6.970978670955740863e-02
-4.200000000000000178e+00,-2.380000000000000071e+01,6.997241553522727531e-02
-4.299999999999999822e+00,-2.369999999999999929e+01,7.052859083544132934e-02
-4.200000000000000178e+00,-2.380000000000000071e+01,6.913318988529605635e-02
-4.299999999999999822e+00,-2.250000000000000000e+01,6.704399358004610454e-02
-4.099999999999999645e+00,-2.469999999999999929e+01,6.785355152649552579e-02
-4.200000000000000178e+00,-2.369999999999999929e+01,6.447730288134023713e-02
-4.400000000000000355e+00,-2.419999999999999929e+01,7.106360568692718371e-02
-4.200000000000000178e+00,-2.450000000000000000e+01,6.705769767770862477e-02
-4.299999999999999822e+00,-2.330000000000000071e+01,7.382692419270991957e-02
-4.200000000000000178e+00,-2.460000000000000142e+01,7.220783543107602009e-02
-4.299999999999999822e+00,-2.369999999999999929e+01,7.328330801800030103e-02
-4.200000000000000178e+00,-2.489999999999999858e+01,6.826809296420632833e-02
-4.000000000000000000e+00,-2.419999999999999929e+01,7.155636868400054584e-02
-4.200000000000000178e+00,-2.360000000000000142e+01,7.091141997420170873e-02
-4.099999999999999645e+00,-2.569999999999999929e+01,7.114372342088785828e-02
-4.500000000000000000e+00,-2.400000000000000000e+01,6.989036068622801745e-02
-4.200000000000000178e+00,-2.480000000000000071e+01,7.104391467719986530e-02
-4.400000000000000355e+00,-2.439999999999999858e+01,6.922887840668014159e-02
-4.200000000000000178e+00,-2.480000000000000071e+01,7.173804447303537557e-02
-4.099999999999999645e+00,-2.500000000000000000e+01,6.868336704686583971e-02
-4.099999999999999645e+00,-2.430000000000000071e+01,7.009504992290462033e-02
-4.099999999999999645e+00,-2.550000000000000000e+01,6.714174592672847441e-02
-4.200000000000000178e+00,-2.480000000000000071e+01,6.903197988062245716e-02
-4.200000000000000178e+00,-2.439999999999999858e+01,7.444808069872774214e-02
-4.299999999999999822e+00,-2.500000000000000000e+01,6.743707739826307335e-02
-4.299999999999999822e+00,-2.560000000000000142e+01,7.253495558273875821e-02
-4.200000000000000178e+00,-2.560000000000000142e+01,6.657569598215602735e-02
-4.099999999999999645e+00,-2.439999999999999858e+01,7.209986542432357537e-02
-4.200000000000000178e+00,-2.569999999999999929e+01,6.906726544836366832e-02
-4.299999999999999822e+00,-2.439999999999999858e+01,7.130578285405723971e-02
-4.400000000000000355e+00,-2.450000000000000000e+01,6.796402391705062829e-02
-4.299999999999999822e+00,-2.700000000000000000e+01,6.567683006493603426e-02
-4.200000000000000178e+00,-2.569999999999999929e+01,7.077314278763453814e-02
-4.299999999999999822e+00,-2.330000000000000071e+01,6.619236755980252573e-02
-4.000000000000000000e+00,-2.569999999999999929e+01,7.017017232016993511e-02
-4.200000000000000178e+00,-2.639999999999999858e+01,6.556921639066387586e-02
-4.200000000000000178e+00,-2.600000000000000000e+01,7.212752747693582100e-02
-4.299999999999999822e+00,-2.410000000000000142e+01,6.475327819270114416e-02
-4.200000000000000178e+00,-2.610000000000000142e+01,7.055281513094102674e-02
-4.200000000000000178e+00,-2.539999999999999858e+01,6.409509732970047891e-02
-4.299999999999999822e+00,-2.510000000000000142e+01,7.158420309578764074e-02
-4.200000000000000178e+00,-2.600000000000000000e+01,6.842835698172963776e-02
-4.200000000000000178e+00,-2.610000000000000142e+01,6.804423462870053119e-02
-4.200000000000000178e+00,-2.560000000000000142e+01,7.024676736671382760e-02
-4.299999999999999822e+00,-2.480000000000000071e+01,7.070171535535856033e-02
-4.200000000000000178e+00,-2.639999999999999858e+01,6.789662118983606776e-02
-4.200000000000000178e+00,-2.650000000000000000e+01,6.588759885907775893e-02
-4.299999999999999822e+00,-2.510000000000000142e+01,7.015520091553645310e-02
-4.200000000000000178e+00,-2.589999999999999858e+01,6.502453663433731268e-02
-4.099999999999999645e+00,-2.630000000000000071e+01,7.045928461303377355e-02
-4.200000000000000178e+00,-2.539999999999999858e+01,6.550281092365325963e-02
-4.400000000000000355e+00,-2.510000000000000142e+01,6.646108607128842216e-02
-4.299999999999999822e+00,-2.639999999999999858e+01,6.940230088545390474e-02
-4.299999999999999822e+00,-2.719999999999999929e+01,6.414245035005987361e-02
-4.400000000000000355e+00,-2.519999999999999929e+01,6.929884284336172706e-02
-4.200000000000000178e+00,-2.560000000000000142e+01,6.576933020333100566e-02
-4.200000000000000178e+00,-2.660000000000000142e+01,6.889442216636718075e-02
-4.299999999999999822e+00,-2.630000000000000071e+01,6.299332638075337554e-02
-4.299999999999999822e+00,-2.580000000000000071e+01,7.015809129326364135e-02
-4.299999999999999822e+00,-2.669999999999999929e+01,6.646403013401926130e-02
-4.299999999999999822e+00,-2.669999999999999929e+01,6.482212368067417907e-02
-4.299999999999999822e+00,-2.580000000000000071e+01,6.988584921926761784e-02
-4.299999999999999822e+00,-2.539999999999999858e+01,6.524200837566493383e-02
-4.299999999999999822e+00,-2.700000000000000000e+01,7.030297588408740417e-02
-4.200000000000000178e+00,-2.700000000000000000e+01,6.506072018324229878e-02
-4.400000000000000355e+00,-2.550000000000000000e+01,6.926110755688352771e-02
-4.200000000000000178e+00,-2.660000000000000142e+01,6.485388630592320292e-02
-4.200000000000000178e+00,-2.650000000000000000e+01,6.835360061777183416e-02
-4.200000000000000178e+00,-2.580000000000000071e+01,6.338175711957096115e-02
-4.299999999999999822e+00,-2.580000000000000071e+01,6.145863030677971295e-02
-4.400000000000000355e+00,-2.800000000000000000e+01,6.671436091645593924e-02
-4.299999999999999822e+00,-2.730000000000000071e+01,6.069680516827731520e-02
-4.299999999999999822e+00,-2.530000000000000071e+01,6.793960017590272571e-02
-4.299999999999999822e+00,-2.550000000000000000e+01,6.214314515390430976e-02
-4.299999999999999822e+00,-2.739999999999999858e+01,6.455950376737543128e-02
-4.400000000000000355e+00,-2.650000000000000000e+01,6.484726178923792828e-02
-4.400000000000000355e+00,-2.610000000000000142e+01,6.632680885536594573e-02
-4.299999999999999822e+00,-2.680000000000000071e+01,7.084535745777266469e-02
-4.299999999999999822e+00,-2.769999999999999929e+01,6.525755050090632781e-02
-4.299999999999999822e+00,-2.569999999999999929e+01,6.804391497834479108e-02
-4.400000000000000355e+00,-2.580000000000000071e+01,7.006958220823519823e-02
-4.299999999999999822e+00,-2.750000000000000000e+01,6.717986267686247570e-02
-4.299999999999999822e+00,-2.660000000000000142e+01,7.105012074440715530e-02
-4.299999999999999822e+00,-2.589999999999999858e+01,6.889092985042521988e-02
-4.400000000000000355e+00,-2.669999999999999929e+01,7.044635725008564775e-02
-4.299999999999999822e+00,-2.750000000000000000e+01,6.681521330529899272e-02
-4.200000000000000178e+00,-2.619999999999999929e+01,7.088670769303136165e-02
-4.299999999999999822e+00,-2.589999999999999858e+01,7.005804418648951815e-02
-4.299999999999999822e+00,-2.750000000000000000e+01,6.901005303989575512e-02
-4.299999999999999822e+00,-2.739999999999999858e+01,6.977099893307378564e-02
-4.200000000000000178e+00,-2.630000000000000071e+01,6.845090218923319259e-02
-4.299999999999999822e+00,-2.619999999999999929e+01,7.035184690547151287e-02
-4.200000000000000178e+00,-2.789999999999999858e+01,6.861871894502323543e-02
-4.299999999999999822e+00,-2.650000000000000000e+01,6.957111576869549896e-02
-4.299999999999999822e+00,-2.650000000000000000e+01,7.039853122589251333e-02
-4.200000000000000178e+00,-2.669999999999999929e+01,6.820472648324184262e-02
-4.299999999999999822e+00,-2.750000000000000000e+01,6.893054392446812395e-02
-4.299999999999999822e+00,-2.680000000000000071e+01,6.903914697529368871e-02
